id,created_at,first_name,last_name,images,bulletins,phone_number,saved_notes,created_user_id,address,recipients,connections,onboarding_completed
aa222deb-a39e-419a-abb9-8499c34816dc,2026-02-01T10:00:00.000Z,Sam,Torres,"[""fb14d42e-3ab2-4a56-8d1f-b10cd0235670"",""879106a5-1d96-4eac-95a5-eb82a72bd466""]",e27e0952-a740-4ed5-aaf4-2070e94579cc,+14641385997,[],aa222deb-a39e-419a-abb9-8499c34816dc,"3995 Franklin Way, Oakland CA",,"[""+13187902054"",""+18546203773"",""+13391872826"",""+16518098877"",""+16603433439""]",true
d9b1d239-39cd-4926-9c5f-21c6ed60f43c,2026-02-01T10:00:00.000Z,Aria,Reese,"[""458936ff-e696-4b1d-9259-62eed20e82d0"",""d0ca6bf9-0078-41a9-bc7e-6e7d80fdbf81""]",eaf65d3c-3a0e-44aa-b520-ce9393b9050e,+18918262528,[],d9b1d239-39cd-4926-9c5f-21c6ed60f43c,"8710 Park Ave, Indianapolis IN",,"[""+15097371790"",""+15304187287"",""+13092734471"",""+19583651471"",""+16117205517"",""+15466227224""]",true
8b5a3870-3248-4d75-83bc-3673a26f553a,2026-02-01T10:00:00.000Z,Cameron,Kelly,"[""e43dce86-74ed-4e37-a457-cecb751f0d79"",""c66da905-1bc9-4bc1-95ca-0477dc66a24d"",""b58514cc-b60f-4b07-a9b0-61011e6924db"",""0b18ce4b-e151-43a0-a1eb-af11946dc652"",""fa84d73f-f5dd-4011-8e2d-a1ed93df3f24""]",f2aff392-8bbc-4f6c-b169-de4fc4130ffa,+16603433439,[],8b5a3870-3248-4d75-83bc-3673a26f553a,"1291 River Rd, Asheville NC",,"[""+17504805826"",""+16466643324"",""+17454200472"",""+19452444295"",""+16516881249"",""+16741054857""]",true
8a736472-7664-460c-99e9-729630f16413,2026-02-01T10:00:00.000Z,Omar,Bell,"[""a7bce0a3-39c4-4464-9d7b-5c9f4953faf7"",""04ede62d-b65c-4fcd-b778-f4dec98374da"",""e2d28ece-27da-4e15-9096-ae20fa62bccc"",""d46f26ea-85ce-406e-9cc2-4471ef6b9225"",""c66da905-1bc9-4bc1-95ca-0477dc66a24d"",""95441a86-6df8-43b9-bb7d-3d47df0b4faa""]",c320c903-7f1e-470e-b78c-bab23ea6e87f,+17743886955,[],8a736472-7664-460c-99e9-729630f16413,"620 Jefferson Dr, Phoenix AZ",,"[""+15327979072"",""+19565726901"",""+18249726810"",""+15497377250"",""+15424874648""]",true
5148f82c-8b72-4bf4-ac76-cdbd3b26b6e5,2026-02-01T10:00:00.000Z,Diego,Barnes,"[""4ee3fcee-5048-4775-a5fa-6c1051f82142"",""89516abb-169f-4f71-bafd-4c5df95a940d"",""3eadd98c-e01e-4e65-8b43-60977dafa886"",""2886a975-4938-4b97-985a-738d2c3efeed"",""7ce1bd26-2f1f-49c1-bc93-7352185e7e96"",""2f2dc6db-901e-4e90-b56d-3045e552b81b""]",5c2f0194-e0a2-4d03-8fef-e2d022e10740,+14924398955,[],5148f82c-8b72-4bf4-ac76-cdbd3b26b6e5,"3721 Maple Ave, Burlington VT",,"[""+14947379089"",""+19774511875"",""+12012969983"",""+17426162215"",""+12468580760""]",true
3c0657c7-1fce-4471-8aa9-6b5727d891bd,2026-02-01T10:00:00.000Z,Parker,Patterson,"[""476cc0f3-5597-47e0-a4d4-87767a57a208"",""b08704d8-e5b6-415c-8784-d8bbbec49d2e"",""33af2ed3-7934-4869-8092-59043cee0ccf"",""3c932101-b9af-441a-8362-5acbde6cc66c"",""9f5f9233-dd1f-4fe3-81da-ed2ce762c155"",""4ee3fcee-5048-4775-a5fa-6c1051f82142""]",79fc8b72-11c1-45b3-9b16-d6b6f6b757ba,+13839769673,[],3c0657c7-1fce-4471-8aa9-6b5727d891bd,"2595 Valley View, Burlington VT",,"[""+18961107861"",""+16226334109"",""+13179929176"",""+13067566158"",""+14872393454"",""+12935886565""]",true
98880d2b-dbf5-441a-bf9c-a693c6f6c30d,2026-02-01T10:00:00.000Z,Alex,Butler,"[""b58514cc-b60f-4b07-a9b0-61011e6924db"",""23e0640d-efa5-408d-846e-905fc0d217f7"",""4d2a8e04-4abe-42c0-a312-09119061c223"",""2f2dc6db-901e-4e90-b56d-3045e552b81b"",""97ae06f1-d324-4762-8f66-0344614c4692""]",a8f17e5e-fd23-4c42-89f5-898a738dee1a,+17454200472,[],98880d2b-dbf5-441a-bf9c-a693c6f6c30d,"6391 Sunset Blvd, Atlanta GA",,"[""+14105281076"",""+14641385997"",""+19744814391"",""+19865511483"",""+12293933336""]",true
c182c4db-df25-4dad-a90d-f8930a2a6668,2026-02-01T10:00:00.000Z,River,Mueller,"[""46dae9f6-d757-4148-bdfb-e18aea5c5f38"",""ae1859b4-5776-415a-b7e2-ccd6b3423d11"",""33af2ed3-7934-4869-8092-59043cee0ccf"",""51e71bf7-25bd-4cff-8784-0d1561ae9bf8"",""39ad447e-a3b0-40eb-9663-5918aca95603""]",adf7b7f4-e077-4691-b136-f9ca60b73a3c,+15004711694,[],c182c4db-df25-4dad-a90d-f8930a2a6668,"2648 Washington St, Boise ID",,"[""+17346516014"",""+17645523365"",""+17609081186"",""+14429951369"",""+18851541672"",""+14924398955""]",true
44b26dd6-8def-4e23-8359-87ee48f9a7fa,2026-02-01T10:00:00.000Z,Ella,Nkrumah,"[""bde9e0af-8936-47d4-ba79-664cc2f1d890"",""c033cee7-2d94-4b98-be6a-7c60af64deaf"",""394ffe32-cd01-4cfb-987e-59f3787caa24"",""acf09f1d-3d45-44a2-ac63-0ddd2c87088e""]",68865267-b24d-478d-a1a8-0e6639f4ecf6,+12987311788,[],44b26dd6-8def-4e23-8359-87ee48f9a7fa,"1736 Sunset Blvd, San Francisco CA",,"[""+13926178846"",""+17311802092"",""+16218664946"",""+15734978169"",""+13554874545"",""+14662822641""]",true
d353ad29-8852-4aa3-92d3-cdb15e296188,2026-02-01T10:00:00.000Z,Reese,Patterson,"[""0b18ce4b-e151-43a0-a1eb-af11946dc652"",""15abd82b-3957-4354-819d-a1db6f9b3a36"",""9d3dbadd-49c1-405c-8551-f80a9a92cf44"",""e64b5307-ee62-4888-bab5-d97a19600e58"",""b58514cc-b60f-4b07-a9b0-61011e6924db""]",e2ee9d48-7ebb-4fe7-8c10-fe98708b1cd7,+17311802092,[],d353ad29-8852-4aa3-92d3-cdb15e296188,"6307 First St, Columbus OH",,"[""+12552004735"",""+18261850654"",""+17743886955"",""+14127297189"",""+19774511875""]",true
acd5fad5-4f45-4154-bb74-4243c70d0d6e,2026-02-01T10:00:00.000Z,Dakota,Sharma,"[""10bca419-afd4-4dfb-ad47-885b392cd77e"",""8e5a4a37-3f9f-48c9-baa1-a11f2bccc02d""]",9ec6d80e-870c-4cd3-9f67-c3e15b9d9cfe,+13292247215,[],acd5fad5-4f45-4154-bb74-4243c70d0d6e,"4224 Main St, Albuquerque NM",,"[""+19921032592"",""+12064805757"",""+13643135038"",""+17152729153"",""+19123984376""]",true
b204f76e-ec55-472c-8a7c-e0433dbee01c,2026-02-01T10:00:00.000Z,Avery,Bergstrom,"[""a4c1cf2b-3ba0-4bd2-8bea-092b5db81736"",""c66da905-1bc9-4bc1-95ca-0477dc66a24d"",""481a6651-13bd-4f57-93cc-5aed97c356aa"",""a9912969-e7c0-49ad-9ef6-3842c9e89836"",""33af2ed3-7934-4869-8092-59043cee0ccf"",""31247421-4d04-4a31-8bb9-eed11e3b8130""]",8d36562d-fab5-4f18-8500-406b97b012e5,+18803839657,[],b204f76e-ec55-472c-8a7c-e0433dbee01c,"8139 Washington St, Chicago IL",,"[""+15179376214"",""+14641385997"",""+19774511875"",""+14105281076"",""+13538713245"",""+16333233366""]",true
a81655e6-9a2e-47e5-98ef-aa169d1b629a,2026-02-01T10:00:00.000Z,Alex,Brooks,"[""2886a975-4938-4b97-985a-738d2c3efeed"",""394ffe32-cd01-4cfb-987e-59f3787caa24"",""12c314e9-da12-42e8-a661-3f8ec3ef7fec"",""ec166c6b-5945-42c3-b6d5-85401e9faa38"",""d079a232-04e3-4cbe-8193-d4f90978b998"",""879106a5-1d96-4eac-95a5-eb82a72bd466"",""e116eef4-aa3e-4cd2-bc10-5b2e34519410""]",4a4abbf6-7c94-4be1-882b-23e25da8515c,+15179376214,[],a81655e6-9a2e-47e5-98ef-aa169d1b629a,"6729 Forest Ln, Columbus OH",,"[""+19123984376"",""+13505121350"",""+15424874648"",""+15327979072"",""+13554874545"",""+13945523002""]",true
77243bd8-ad5f-401f-a663-6caa60df88f4,2026-02-01T10:00:00.000Z,Abigail,Sharma,"[""9d3dbadd-49c1-405c-8551-f80a9a92cf44"",""f5daf628-ea49-4acc-b134-3880bf7172d8"",""51e71bf7-25bd-4cff-8784-0d1561ae9bf8"",""fa84d73f-f5dd-4011-8e2d-a1ed93df3f24""]",db932534-0a08-4c91-be6b-4aa357c88480,+12935886565,[],77243bd8-ad5f-401f-a663-6caa60df88f4,"274 Maple Ave, Ann Arbor MI",,"[""+13312153082"",""+18607796913"",""+12923308161"",""+14431233875"",""+14086360582"",""+17311802092""]",true
d80b8c82-a6f5-4915-b1b0-6b326eee1542,2026-02-01T10:00:00.000Z,Aria,Sanders,"[""8e5a4a37-3f9f-48c9-baa1-a11f2bccc02d"",""43946d00-3493-4795-9de1-94dcfddaec52"",""b58514cc-b60f-4b07-a9b0-61011e6924db"",""e116eef4-aa3e-4cd2-bc10-5b2e34519410"",""31247421-4d04-4a31-8bb9-eed11e3b8130"",""04ede62d-b65c-4fcd-b778-f4dec98374da"",""9e17db54-8f9a-4c8b-bc39-45aceae8d384""]",06e330f2-4fa2-4a38-b3c4-b32c89b2bfa1,+12012969983,[],d80b8c82-a6f5-4915-b1b0-6b326eee1542,"7819 First St, Atlanta GA",,"[""+17457773243"",""+16117205517"",""+13839769673"",""+19429984032"",""+15327979072"",""+17645523365""]",true
c565ab90-1b4b-414b-86f5-60c14bc519e5,2026-02-01T10:00:00.000Z,River,Khan,"[""ae1859b4-5776-415a-b7e2-ccd6b3423d11"",""2886a975-4938-4b97-985a-738d2c3efeed"",""acf09f1d-3d45-44a2-ac63-0ddd2c87088e"",""e2d280a1-8fa1-4f16-b13c-603588097c93""]",91d92a23-6b9b-4cfe-88a4-d736bd94b220,+19429984032,[],c565ab90-1b4b-414b-86f5-60c14bc519e5,"4985 Pine Rd, Brooklyn NY",,"[""+12366848643"",""+18259821724"",""+14127297189"",""+14086360582"",""+14872393454""]",true
797aa5a3-fbf7-482f-8fd8-e3de24bdc9ba,2026-02-01T10:00:00.000Z,Aria,Chen,"[""31247421-4d04-4a31-8bb9-eed11e3b8130"",""215ad12a-a1bf-4062-9e82-eb0d1769664c""]",aabb5b1e-e79c-4a25-86ca-001656939f9a,+12622027723,[],797aa5a3-fbf7-482f-8fd8-e3de24bdc9ba,"1926 Fifth Ave, Austin TX",,"[""+16135169922"",""+16741054857"",""+13518137899"",""+15603336391"",""+16516881249""]",true
087b1bca-d800-48b5-8a56-b9b9ebf4fcd9,2026-02-01T10:00:00.000Z,Dakota,Kowalski,"[""76c2936c-45ad-4e1e-b9d3-33e1ae28dd55"",""ae1859b4-5776-415a-b7e2-ccd6b3423d11""]",cc908dd6-ec02-467b-be30-89f46dbee2e6,+16333233366,[],087b1bca-d800-48b5-8a56-b9b9ebf4fcd9,"1042 Park Ave, Chicago IL",,"[""+19939555273"",""+12468580760"",""+15605579361"",""+19767453376"",""+19865511483"",""+19452444295""]",true
d68ce646-0259-4b05-b8a4-ddec3aedff59,2026-02-01T10:00:00.000Z,Rowan,Tran,"[""fbc750dc-dd67-4b89-97d1-8a55c75e50dc"",""cbcb83c9-dae4-47ca-a529-4edf00c38d61"",""f9b8ac96-8faa-4e3f-97ee-a06ca1392654"",""06fa5aee-ecb8-4639-a80e-24d760a1c51a"",""b79bf015-7e51-4b09-98a9-086d68d1dba3"",""112c404a-2b15-4e16-b9d1-0fba58cf6dde""]",194a0e76-f5ae-4c42-8391-52ef3b9eee37,+19123984376,[],d68ce646-0259-4b05-b8a4-ddec3aedff59,"9603 Sunset Blvd, Boston MA",,"[""+18607796913"",""+12035752505"",""+12987311788"",""+14924398955"",""+16509769199""]",true
cab93f8f-cc1f-4cc9-93bf-a0bdd7e1e740,2026-02-01T10:00:00.000Z,Kendall,Garcia,"[""94ad97da-9dc9-4492-9339-112f61e11984"",""55cae660-5643-46b2-ba2f-14e92980eff1"",""a9c0cba0-eb7e-494d-b5ff-1741fada8ae8"",""f9b8ac96-8faa-4e3f-97ee-a06ca1392654"",""15abd82b-3957-4354-819d-a1db6f9b3a36"",""e121fdc9-10c9-4742-8d39-5af81719a9fc"",""39ad447e-a3b0-40eb-9663-5918aca95603""]",d09ad4f1-62dd-4822-9d4e-3f41e696c27b,+13634639136,[],cab93f8f-cc1f-4cc9-93bf-a0bdd7e1e740,"7126 Fifth Ave, Burlington VT",,"[""+17179044949"",""+19882629697"",""+19206653363"",""+16479188788"",""+15364377767""]",true
5df8caee-bb3d-41dc-89c1-b5318f9f90ec,2026-02-01T10:00:00.000Z,Maya,Mueller,"[""12673ad9-4b00-4731-92b3-1666caf082b3"",""ce877f80-b458-4877-81da-17dae886906d""]",f9f6fe1d-28d2-499f-aef2-990fff80d323,+16226334109,[],5df8caee-bb3d-41dc-89c1-b5318f9f90ec,"3683 Ash St, Denver CO",,"[""+14953818999"",""+16518098877"",""+18614269729"",""+16034289140"",""+15327979072"",""+13634639136""]",true
0234a831-eca8-4356-9769-75f07f557299,2026-02-01T10:00:00.000Z,Phoenix,Sanders,"[""936db8aa-4196-4fcb-819b-4e4a99cf5490"",""89516abb-169f-4f71-bafd-4c5df95a940d"",""7ce1bd26-2f1f-49c1-bc93-7352185e7e96"",""e2d280a1-8fa1-4f16-b13c-603588097c93"",""cbcb83c9-dae4-47ca-a529-4edf00c38d61"",""88f20726-ee47-45eb-a95e-dad044febc36""]",5c6857ca-778d-4167-92c5-39d3828822fb,+13187902054,[],0234a831-eca8-4356-9769-75f07f557299,"5990 Maple Ave, Philadelphia PA",,"[""+14924398955"",""+14105281076"",""+18289649969"",""+15603336391"",""+15769345070"",""+19744814391""]",true
d6fe79f3-3e2b-474b-89b5-6cee0b8dc509,2026-02-01T10:00:00.000Z,Hannah,James,"[""15abd82b-3957-4354-819d-a1db6f9b3a36"",""879106a5-1d96-4eac-95a5-eb82a72bd466"",""acf09f1d-3d45-44a2-ac63-0ddd2c87088e""]",f297f117-4762-4fd2-9e8c-d1e5311a6873,+17346516014,[],d6fe79f3-3e2b-474b-89b5-6cee0b8dc509,"5572 Jefferson Dr, Oakland CA",,"[""+13945523002"",""+17415880790"",""+12064805757"",""+15497377250"",""+18667228658"",""+19055490349""]",true
c311ba73-d0a1-4705-8a5d-11f03d25109a,2026-02-01T10:00:00.000Z,Derek,Perry,"[""34b5df50-f0e9-4a8c-84b8-86d1fca795f3"",""0693cf64-e9d5-4b8f-b3f3-45f4ea7385da"",""23e0640d-efa5-408d-846e-905fc0d217f7"",""394ffe32-cd01-4cfb-987e-59f3787caa24"",""f5daf628-ea49-4acc-b134-3880bf7172d8"",""c0261005-01ad-4304-a837-d2cacba7088e""]",4e0e8fe2-ad23-43c6-8f82-01e60815da5b,+17943513020,[],c311ba73-d0a1-4705-8a5d-11f03d25109a,"3091 Lake Dr, Phoenix AZ",,"[""+17316397922"",""+17011385163"",""+13292247215"",""+15304187287"",""+13926178846"",""+18274597933""]",true
c412bf77-29ac-4387-b50b-63fadd55409a,2026-02-01T10:00:00.000Z,Skyler,Rodriguez,"[""e121fdc9-10c9-4742-8d39-5af81719a9fc"",""88f20726-ee47-45eb-a95e-dad044febc36"",""6da1f126-e742-41a5-810c-1e7d3a7ba78f"",""7f428d06-7519-44df-9a1a-3e59d1e02125""]",ad1aaed9-bf81-43a3-b6a4-d2b851becf1c,+12552004735,[],c412bf77-29ac-4387-b50b-63fadd55409a,"5053 Lake Dr, Oakland CA",,"[""+16034289140"",""+17743886955"",""+13179929176"",""+12468580760"",""+17943513020"",""+13166995054""]",true
055d44e1-3c2c-4d46-bf41-c12252270c97,2026-02-01T10:00:00.000Z,Remington,Hughes,"[""b79bf015-7e51-4b09-98a9-086d68d1dba3"",""33af2ed3-7934-4869-8092-59043cee0ccf"",""d079a232-04e3-4cbe-8193-d4f90978b998""]",7126ec5c-fcd5-4c21-85d7-9e8a51d93b44,+13924377413,[],055d44e1-3c2c-4d46-bf41-c12252270c97,"7778 Franklin Way, Austin TX",,"[""+13518137899"",""+14761912547"",""+19486890240"",""+13761613131"",""+18961107861""]",true
4546ab86-7614-4e42-b524-c5f2f32be147,2026-02-01T10:00:00.000Z,Amir,Sharma,"[""06fa5aee-ecb8-4639-a80e-24d760a1c51a"",""54965379-10d4-4e29-adac-ff7a5aeefe8a""]",41f06bc9-eac1-42ea-9035-f0137cb59bea,+18373980817,[],4546ab86-7614-4e42-b524-c5f2f32be147,"1750 Fifth Ave, Minneapolis MN",,"[""+17152729153"",""+15635024349"",""+19575672288"",""+15836287073"",""+12987311788"",""+19514820699""]",true
3c36d83a-e9e0-42ad-89f4-ed1663022826,2026-02-01T10:00:00.000Z,Sam,Lopez,"[""f2c9f1a9-954d-4a18-9a54-8857a87ceccf"",""ec166c6b-5945-42c3-b6d5-85401e9faa38"",""a7bce0a3-39c4-4464-9d7b-5c9f4953faf7"",""beead00b-9bd8-454a-92cd-77fc7e19ffad""]",105e0cc8-b85e-489a-8eb5-7422282c5a52,+19413701577,[],3c36d83a-e9e0-42ad-89f4-ed1663022826,"5765 Pine Rd, Columbus OH",,"[""+12832879719"",""+13783804673"",""+19514820699"",""+19575672288"",""+12935886565""]",true
eacb9575-24fb-48cc-b07e-d9f3946e1fc2,2026-02-01T10:00:00.000Z,Adrian,Cox,"[""3c932101-b9af-441a-8362-5acbde6cc66c"",""55cae660-5643-46b2-ba2f-14e92980eff1"",""f2c9f1a9-954d-4a18-9a54-8857a87ceccf""]",0d0be666-007d-4f57-afce-7d055053deeb,+18274597933,[],eacb9575-24fb-48cc-b07e-d9f3946e1fc2,"2505 Forest Ln, Boston MA",,"[""+13924377413"",""+19044211637"",""+13994739027"",""+13092734471"",""+17426162215""]",true
17319880-2d8b-4028-8c98-eabda527fe0c,2026-02-01T10:00:00.000Z,Jasmine,Novak,"[""54965379-10d4-4e29-adac-ff7a5aeefe8a"",""d079a232-04e3-4cbe-8193-d4f90978b998"",""31247421-4d04-4a31-8bb9-eed11e3b8130"",""d46f26ea-85ce-406e-9cc2-4471ef6b9225"",""e993c5fa-3dd0-4e63-a209-5d7579c41fd0"",""7ce1bd26-2f1f-49c1-bc93-7352185e7e96""]",8d571a32-ecb0-4928-83e8-689bd793bcbc,+13554874545,[],17319880-2d8b-4028-8c98-eabda527fe0c,"4403 Washington St, Portland OR",,"[""+19648404093"",""+18679318001"",""+13276739800"",""+14662822641"",""+18612175658""]",true
9e989df1-256a-4941-84a8-d96c0f3508cb,2026-02-01T10:00:00.000Z,Hayden,Reese,"[""c66da905-1bc9-4bc1-95ca-0477dc66a24d"",""ec166c6b-5945-42c3-b6d5-85401e9faa38"",""9966ba02-e105-4de5-8072-5aa984e27e03"",""bde9e0af-8936-47d4-ba79-664cc2f1d890"",""112c404a-2b15-4e16-b9d1-0fba58cf6dde""]",a700ecec-3806-4ddd-932e-30b867767db6,+14662822641,[],9e989df1-256a-4941-84a8-d96c0f3508cb,"9998 Hill Rd, Burlington VT",,"[""+17606116847"",""+14641385997"",""+13179929176"",""+18274597933"",""+15904030933""]",true
86e4c31c-a6d8-4512-9fa6-7cd996fb86df,2026-02-01T10:00:00.000Z,Lily,Patterson,"[""476cc0f3-5597-47e0-a4d4-87767a57a208"",""b58514cc-b60f-4b07-a9b0-61011e6924db"",""9f5f9233-dd1f-4fe3-81da-ed2ce762c155"",""94ad97da-9dc9-4492-9339-112f61e11984""]",89467dca-9e3d-4f2a-b881-2dd6c8bf2214,+19631488564,[],86e4c31c-a6d8-4512-9fa6-7cd996fb86df,"4911 Cedar Ln, Asheville NC",,"[""+19895640470"",""+18614269729"",""+15734978169"",""+19166894160"",""+16446010825"",""+19939555273""]",true
609685e5-a3c1-4612-b087-65528b0f7c8b,2026-02-01T10:00:00.000Z,Destiny,Washington,"[""acf09f1d-3d45-44a2-ac63-0ddd2c87088e"",""fbc750dc-dd67-4b89-97d1-8a55c75e50dc"",""54965379-10d4-4e29-adac-ff7a5aeefe8a"",""9966ba02-e105-4de5-8072-5aa984e27e03"",""d079a232-04e3-4cbe-8193-d4f90978b998"",""2e0f3253-0a12-4d51-a5c3-bbc1d6814cf6""]",1d69c72d-16b4-4a10-aa05-1264628588a1,+15791337536,[],609685e5-a3c1-4612-b087-65528b0f7c8b,"9797 Lake Dr, Indianapolis IN",,"[""+18828409273"",""+19583651471"",""+13505121350"",""+19166894160"",""+16226334109"",""+19882629697""]",true
0180c0ac-0c71-43cd-87ae-573d21b1a880,2026-02-01T10:00:00.000Z,Diego,Flores,"[""7bde58be-30d3-4700-a8f9-1a85e674ca32"",""31247421-4d04-4a31-8bb9-eed11e3b8130"",""458936ff-e696-4b1d-9259-62eed20e82d0""]",56bca092-8584-48b2-98fe-2892ea3ec9e4,+15904030933,[],0180c0ac-0c71-43cd-87ae-573d21b1a880,"4428 Willow Blvd, San Francisco CA",,"[""+18851541672"",""+16034289140"",""+17346516014"",""+19744814391"",""+13554874545"",""+14353479358""]",true
e5b354ff-22e4-4557-ad06-d7e20137dcbf,2026-02-01T10:00:00.000Z,Camila,Long,"[""76c2936c-45ad-4e1e-b9d3-33e1ae28dd55"",""0693cf64-e9d5-4b8f-b3f3-45f4ea7385da"",""e43dce86-74ed-4e37-a457-cecb751f0d79""]",50541198-0ae8-4da4-9453-b8414bec6235,+15805686129,[],e5b354ff-22e4-4557-ad06-d7e20137dcbf,"6646 Ash St, Columbus OH",,"[""+13292247215"",""+16333233366"",""+14431233875"",""+18918262528"",""+19921032592"",""+18426183956""]",true
0973101c-3224-4be3-ad19-e8aa5ef919b9,2026-02-01T10:00:00.000Z,Sam,Brooks,"[""ce877f80-b458-4877-81da-17dae886906d"",""fb14d42e-3ab2-4a56-8d1f-b10cd0235670""]",73316cab-3726-453f-85a2-1ff28932f9f6,+12127367281,[],0973101c-3224-4be3-ad19-e8aa5ef919b9,"48 Birch Way, Oakland CA",,"[""+16333233366"",""+18249726810"",""+19767453376"",""+17346516014"",""+19514820699"",""+13554874545""]",true
949a53b1-a5c1-42a2-9196-257fda363349,2026-02-01T10:00:00.000Z,Jackson,Mueller,"[""97ae06f1-d324-4762-8f66-0344614c4692"",""481a6651-13bd-4f57-93cc-5aed97c356aa"",""5216798f-32db-4095-8c0f-07f3ac93cc52""]",7277fa21-7ca9-48ae-8fd6-3724a92b215d,+16329452870,[],949a53b1-a5c1-42a2-9196-257fda363349,"9194 Ash St, Madison WI",,"[""+13554874545"",""+19998944303"",""+16446010825"",""+17415880790"",""+18362384304"",""+13479122659""]",true
4443f261-15c8-4207-9f0e-56d9c2d772cc,2026-02-01T10:00:00.000Z,Hannah,Perry,"[""476cc0f3-5597-47e0-a4d4-87767a57a208"",""32874b53-38f8-4be9-8872-48d3657c0032""]",5999dd3e-f85a-439d-908b-a83a0e4a75b0,+15497377250,[],4443f261-15c8-4207-9f0e-56d9c2d772cc,"7466 Broadway, Boulder CO",,"[""+18373980817"",""+15424874648"",""+16509769199"",""+13634639136"",""+19486890240""]",true
9f1f886f-a333-44d0-bc92-0a5681c4bd44,2026-02-01T10:00:00.000Z,Camila,Wright,"[""23e0640d-efa5-408d-846e-905fc0d217f7"",""fa84d73f-f5dd-4011-8e2d-a1ed93df3f24"",""3db7855a-2397-4ea5-96a2-aeb5e193449e""]",0954ea8a-3f4a-4a8a-8d3a-d888aef64ef7,+13356963174,[],9f1f886f-a333-44d0-bc92-0a5681c4bd44,"200 Jefferson Dr, Madison WI",,"[""+13538713245"",""+14924398955"",""+16708552092"",""+15918244223"",""+15784632037"",""+14026068719""]",true
c66428bb-2aa3-40d5-9428-d21757972a45,2026-02-01T10:00:00.000Z,Layla,Kelly,"[""39ad447e-a3b0-40eb-9663-5918aca95603"",""a5206965-c455-463d-b653-6d5e3d2f6c07"",""94ad97da-9dc9-4492-9339-112f61e11984"",""fa84d73f-f5dd-4011-8e2d-a1ed93df3f24"",""3c932101-b9af-441a-8362-5acbde6cc66c""]",62ec0a3b-04b1-4ddb-b6a4-1b2921ad896e,+19895640470,[],c66428bb-2aa3-40d5-9428-d21757972a45,"8532 Elm Dr, Miami FL",,"[""+18261850654"",""+18851541672"",""+18181033441"",""+17346516014"",""+14127297189"",""+19413701577""]",true
508d47fe-04ee-465b-a230-78f19f400b81,2026-02-01T10:00:00.000Z,Payton,Larsson,"[""10fcf18a-b178-4e90-b859-b45b8e3dce23"",""b58514cc-b60f-4b07-a9b0-61011e6924db""]",15818984-62cd-4aad-8026-d6894359cdf4,+19452444295,[],508d47fe-04ee-465b-a230-78f19f400b81,"7074 Park Ave, Austin TX",,"[""+18181033441"",""+13312153082"",""+19774511875"",""+15005109953"",""+19123984376"",""+15004711694""]",true
84cee3e1-3674-43cd-a2e7-c1335b9cc444,2026-02-01T10:00:00.000Z,Arjun,Alexander,"[""1ce8c33f-4ec0-4deb-a8c2-60ec366a580c"",""15abd82b-3957-4354-819d-a1db6f9b3a36"",""e121fdc9-10c9-4742-8d39-5af81719a9fc"",""7bde58be-30d3-4700-a8f9-1a85e674ca32""]",e95f1e17-7aa1-4a82-bf3c-68e6141ce423,+16206862764,[],84cee3e1-3674-43cd-a2e7-c1335b9cc444,"2309 Main St, Raleigh NC",,"[""+12012969983"",""+12832879719"",""+12622027723"",""+16611852271"",""+18828409273"",""+18274597933""]",true
11857efc-4cdf-4f3c-b686-8782c0e3d720,2026-02-01T10:00:00.000Z,Jackson,Barnes,"[""3db7855a-2397-4ea5-96a2-aeb5e193449e"",""04ede62d-b65c-4fcd-b778-f4dec98374da"",""43946d00-3493-4795-9de1-94dcfddaec52""]",143c41aa-3e64-4cfd-9a92-68adaa82043f,+19055490349,[],11857efc-4cdf-4f3c-b686-8782c0e3d720,"789 Main St, Philadelphia PA",,"[""+17316397922"",""+14924398955"",""+16333233366"",""+14127297189"",""+18036093882"",""+15179376214""]",true
6776d905-e666-4cc9-b86b-3c8ded512226,2026-02-01T10:00:00.000Z,Luna,Kowalski,"[""476cc0f3-5597-47e0-a4d4-87767a57a208"",""cbcb83c9-dae4-47ca-a529-4edf00c38d61"",""936db8aa-4196-4fcb-819b-4e4a99cf5490""]",abd3d2c3-84d2-4875-bfbd-8147b331cd96,+17152729153,[],6776d905-e666-4cc9-b86b-3c8ded512226,"5770 Washington St, Miami FL",,"[""+12064805757"",""+15544341247"",""+18607796913"",""+19767453376"",""+19429984032""]",true
ae440181-2c09-4a9d-a4e1-d14df5f1fb4d,2026-02-01T10:00:00.000Z,Camila,Russell,"[""acf09f1d-3d45-44a2-ac63-0ddd2c87088e"",""7ce1bd26-2f1f-49c1-bc93-7352185e7e96"",""d079a232-04e3-4cbe-8193-d4f90978b998""]",00c81af3-f1da-4f39-9cc0-e19180cc4479,+13348370686,[],ae440181-2c09-4a9d-a4e1-d14df5f1fb4d,"7816 Forest Ln, Indianapolis IN",,"[""+17457773243"",""+19209418881"",""+12834628902"",""+16741054857"",""+18546203773""]",true
1c822a1c-1b7e-490a-8124-2fef5268f91f,2026-02-01T10:00:00.000Z,Sebastian,Nielsen,"[""b58514cc-b60f-4b07-a9b0-61011e6924db"",""fa84d73f-f5dd-4011-8e2d-a1ed93df3f24"",""2886a975-4938-4b97-985a-738d2c3efeed""]",f09dd945-4bc4-40d6-b445-d643e894deef,+13179929176,[],1c822a1c-1b7e-490a-8124-2fef5268f91f,"8352 First St, San Diego CA",,"[""+12935886565"",""+16199557062"",""+17311802092"",""+19865511483"",""+14867652844"",""+15004711694""]",true
5fcf3409-0164-4834-aed1-3d390d6dcb9d,2026-02-01T10:00:00.000Z,Omar,Ward,"[""0a331f18-aa5e-4558-bbc1-0fa2466ebd9d"",""215ad12a-a1bf-4062-9e82-eb0d1769664c""]",68b72fe4-66cb-4205-8b69-cc632675f355,+17258328960,[],5fcf3409-0164-4834-aed1-3d390d6dcb9d,"3795 Birch Way, Nashville TN",,"[""+18961107861"",""+19166894160"",""+12021020802"",""+12923308161"",""+19055490349"",""+15791337536""]",true
2a06b4b4-d4be-4c5d-a283-662271606626,2026-02-01T10:00:00.000Z,Violet,Sanders,"[""8e5a4a37-3f9f-48c9-baa1-a11f2bccc02d"",""cbcb83c9-dae4-47ca-a529-4edf00c38d61"",""bde9e0af-8936-47d4-ba79-664cc2f1d890"",""0b18ce4b-e151-43a0-a1eb-af11946dc652""]",10045e12-5dbe-4587-9a9b-1f51ed0f5b43,+18828409273,[],2a06b4b4-d4be-4c5d-a283-662271606626,"846 Oak St, Charlotte NC",,"[""+18289649969"",""+18037723848"",""+15544341247"",""+13391872826"",""+18036093882""]",true
6a9415fc-bf5b-44bb-8532-cea7833c72bf,2026-02-01T10:00:00.000Z,Emma,Costa,"[""394ffe32-cd01-4cfb-987e-59f3787caa24"",""54965379-10d4-4e29-adac-ff7a5aeefe8a""]",b9889bf4-ac6d-4fd5-8976-39c311a85288,+13092734471,[],6a9415fc-bf5b-44bb-8532-cea7833c72bf,"7644 Valley View, Columbus OH",,"[""+14641385997"",""+16186908455"",""+17457773243"",""+17606116847"",""+13634639136"",""+18851541672""]",true
267c47bb-1f68-4e00-9990-cb3af087b125,2026-02-01T10:00:00.000Z,Lucas,Lopez,"[""b79bf015-7e51-4b09-98a9-086d68d1dba3"",""1ce8c33f-4ec0-4deb-a8c2-60ec366a580c"",""476cc0f3-5597-47e0-a4d4-87767a57a208"",""7ce1bd26-2f1f-49c1-bc93-7352185e7e96"",""76c2936c-45ad-4e1e-b9d3-33e1ae28dd55"",""a9912969-e7c0-49ad-9ef6-3842c9e89836"",""cbcb83c9-dae4-47ca-a529-4edf00c38d61""]",6f963887-2c9b-4f68-84fa-6f7e300ad52d,+16611852271,[],267c47bb-1f68-4e00-9990-cb3af087b125,"331 Ash St, Chicago IL",,"[""+13391872826"",""+13067566158"",""+14429951369"",""+17606116847"",""+16479188788"",""+19648404093""]",true
cc514c59-5e14-4e54-8a40-a5168d901943,2026-02-01T10:00:00.000Z,Violet,Silva,"[""ec166c6b-5945-42c3-b6d5-85401e9faa38"",""ae1859b4-5776-415a-b7e2-ccd6b3423d11"",""a9c0cba0-eb7e-494d-b5ff-1741fada8ae8"",""cbcb83c9-dae4-47ca-a529-4edf00c38d61""]",6d52c401-26a1-49d1-bbaa-effde04564b3,+12293933336,[],cc514c59-5e14-4e54-8a40-a5168d901943,"2074 Park Ave, Columbus OH",,"[""+14429951369"",""+13945523002"",""+12901782391"",""+18828409273"",""+16466643324"",""+13292247215""]",true
e5b6d14a-bf81-4bba-9269-947fbc150e7e,2026-02-01T10:00:00.000Z,Payton,James,"[""9d3dbadd-49c1-405c-8551-f80a9a92cf44"",""e43dce86-74ed-4e37-a457-cecb751f0d79"",""3db7855a-2397-4ea5-96a2-aeb5e193449e"",""a7bce0a3-39c4-4464-9d7b-5c9f4953faf7"",""31247421-4d04-4a31-8bb9-eed11e3b8130"",""7ce1bd26-2f1f-49c1-bc93-7352185e7e96""]",0d219939-0572-4e8c-a9c5-d6efc3908c63,+12834628902,[],e5b6d14a-bf81-4bba-9269-947fbc150e7e,"8213 Lincoln Ave, San Francisco CA",,"[""+19631488564"",""+16117205517"",""+19939555273"",""+14026068719"",""+18679318001""]",true
79facbd2-beda-4e11-9337-3818ecf0e0f3,2026-02-01T10:00:00.000Z,Gabriela,Nkrumah,"[""54965379-10d4-4e29-adac-ff7a5aeefe8a"",""34b5df50-f0e9-4a8c-84b8-86d1fca795f3"",""a7bce0a3-39c4-4464-9d7b-5c9f4953faf7"",""89516abb-169f-4f71-bafd-4c5df95a940d""]",e0ffbfa1-19e3-48d1-bb34-edd14ef7bdae,+13067566158,[],79facbd2-beda-4e11-9337-3818ecf0e0f3,"8547 Willow Blvd, Boulder CO",,"[""+18803839657"",""+17714448313"",""+12293933336"",""+13924377413"",""+19206653363"",""+18362384304""]",true
9a31943a-5edc-4450-9fea-c0972ae9f8af,2026-02-01T10:00:00.000Z,Adrian,Mueller,"[""2e0f3253-0a12-4d51-a5c3-bbc1d6814cf6"",""fb14d42e-3ab2-4a56-8d1f-b10cd0235670"",""3db7855a-2397-4ea5-96a2-aeb5e193449e"",""2effb56d-83b1-47d9-b9f4-1bf4bbb55248""]",767451ff-e6a1-4fab-8dac-44d5f180f501,+16135169922,[],9a31943a-5edc-4450-9fea-c0972ae9f8af,"3889 Lake Dr, Indianapolis IN",,"[""+12035752505"",""+12622027723"",""+19514820699"",""+14086360582"",""+18607796913"",""+15364377767""]",true
7a51ff87-f14b-43ec-85f9-434746378c60,2026-02-01T10:00:00.000Z,Sage,Sharma,"[""2e0f3253-0a12-4d51-a5c3-bbc1d6814cf6"",""b08b81e6-c3d1-449b-b4e4-1a5d03159e66"",""10fcf18a-b178-4e90-b859-b45b8e3dce23"",""0a331f18-aa5e-4558-bbc1-0fa2466ebd9d""]",e5dd748b-3da3-4ef3-81b9-785f9a5ac20c,+18259821724,[],7a51ff87-f14b-43ec-85f9-434746378c60,"574 Fifth Ave, Raleigh NC",,"[""+12901782391"",""+15805686129"",""+18906203578"",""+16226334109"",""+13643135038"",""+18426183956""]",true
dba6dd8a-56ad-4d70-bd76-9fd2d20539f7,2026-02-01T10:00:00.000Z,Quinn,Sharma,"[""ce877f80-b458-4877-81da-17dae886906d"",""f2c9f1a9-954d-4a18-9a54-8857a87ceccf"",""54965379-10d4-4e29-adac-ff7a5aeefe8a"",""51e71bf7-25bd-4cff-8784-0d1561ae9bf8"",""5216798f-32db-4095-8c0f-07f3ac93cc52"",""4d2a8e04-4abe-42c0-a312-09119061c223""]",d9013695-c76e-4d90-9370-738e3b92c6a1,+12468580760,[],dba6dd8a-56ad-4d70-bd76-9fd2d20539f7,"7405 Franklin Way, Nashville TN",,"[""+16034289140"",""+15497377250"",""+14429951369"",""+13505121350"",""+16117205517""]",true
5d545a99-ae3c-4d93-9d6d-0ed11e48ee54,2026-02-01T10:00:00.000Z,Derek,Ali,"[""acf09f1d-3d45-44a2-ac63-0ddd2c87088e"",""93fa283f-d44c-4461-b9e1-5176ef2203fd"",""778f5bbd-20e1-472c-8a6e-57c24defa8a7"",""3c932101-b9af-441a-8362-5acbde6cc66c"",""0b18ce4b-e151-43a0-a1eb-af11946dc652"",""112c404a-2b15-4e16-b9d1-0fba58cf6dde"",""fa84d73f-f5dd-4011-8e2d-a1ed93df3f24""]",d3e030a1-701d-4ef6-9de8-5d47dce7a6e3,+14429951369,[],5d545a99-ae3c-4d93-9d6d-0ed11e48ee54,"9742 Lake Dr, San Diego CA",,"[""+19044211637"",""+19452444295"",""+14431233875"",""+15635024349"",""+14105281076""]",true
f640da30-f47d-44e2-a2eb-68a5b0717e3d,2026-02-01T10:00:00.000Z,Lillian,Park,"[""88f20726-ee47-45eb-a95e-dad044febc36"",""06fa5aee-ecb8-4639-a80e-24d760a1c51a"",""39ad447e-a3b0-40eb-9663-5918aca95603"",""c033cee7-2d94-4b98-be6a-7c60af64deaf""]",14b46bfe-dfe6-4210-b421-8d8e6dd6d4d7,+16218664946,[],f640da30-f47d-44e2-a2eb-68a5b0717e3d,"5736 Willow Blvd, Burlington VT",,"[""+19514820699"",""+14867652844"",""+18607796913"",""+17152729153"",""+12832879719"",""+15488578476""]",true
2b0b13f3-73df-4c07-a7f7-af9a37015982,2026-02-01T10:00:00.000Z,Mia,Kim,"[""40246775-eb89-472c-8c8e-2c0795b27d90"",""a9912969-e7c0-49ad-9ef6-3842c9e89836""]",9ca9d773-b06d-4442-b296-097bad352491,+15005109953,[],2b0b13f3-73df-4c07-a7f7-af9a37015982,"5459 Cedar Ln, Oakland CA",,"[""+18828409273"",""+12468580760"",""+15769345070"",""+16708552092"",""+14677891213"",""+14105281076""]",true
e25acf8a-20bb-42f8-a268-47341e81a4d3,2026-02-01T10:00:00.000Z,Amelia,Richardson,"[""a9912969-e7c0-49ad-9ef6-3842c9e89836"",""06fa5aee-ecb8-4639-a80e-24d760a1c51a"",""f5daf628-ea49-4acc-b134-3880bf7172d8"",""23e0640d-efa5-408d-846e-905fc0d217f7"",""fb14d42e-3ab2-4a56-8d1f-b10cd0235670"",""3db7855a-2397-4ea5-96a2-aeb5e193449e""]",a86c2b6b-44cc-4c1b-85c9-94ebde53cf91,+19774511875,[],e25acf8a-20bb-42f8-a268-47341e81a4d3,"5284 Cedar Ln, Denver CO",,"[""+13924377413"",""+17161938681"",""+16509769199"",""+15603336391"",""+16226334109""]",true
bea9d32f-e665-4da2-a06c-db7724c8eadb,2026-02-01T10:00:00.000Z,Reese,Weber,"[""9966ba02-e105-4de5-8072-5aa984e27e03"",""ce877f80-b458-4877-81da-17dae886906d"",""a3df35f2-0097-41db-8275-b3fa92555dec""]",5db73d6c-6072-4607-8291-b0643cda5c6d,+13518137899,[],bea9d32f-e665-4da2-a06c-db7724c8eadb,"4256 Park Ave, Tucson AZ",,"[""+18844819410"",""+17011385163"",""+16186908455"",""+14483242333"",""+15918244223""]",true
d4aba4fc-ea29-40c1-bc88-67d5ee776d6f,2026-02-01T10:00:00.000Z,Sage,Murphy,"[""0967dfc2-3d82-4fe5-b31d-6f0d7ad2fc3b"",""d079a232-04e3-4cbe-8193-d4f90978b998"",""1ce8c33f-4ec0-4deb-a8c2-60ec366a580c"",""ce877f80-b458-4877-81da-17dae886906d""]",154fb46c-22e0-4fd2-8903-cff90aa66afe,+12021020802,[],d4aba4fc-ea29-40c1-bc88-67d5ee776d6f,"8013 Elm Dr, Raleigh NC",,"[""+15734978169"",""+18426183956"",""+17457773243"",""+19644546941"",""+18037723848"",""+17316397922""]",true
fac6b2bb-0554-419d-b0f5-428d4c494e68,2026-02-01T10:00:00.000Z,Blake,Hughes,"[""89516abb-169f-4f71-bafd-4c5df95a940d"",""e43dce86-74ed-4e37-a457-cecb751f0d79"",""4ee3fcee-5048-4775-a5fa-6c1051f82142"",""112c404a-2b15-4e16-b9d1-0fba58cf6dde"",""15abd82b-3957-4354-819d-a1db6f9b3a36"",""39ad447e-a3b0-40eb-9663-5918aca95603""]",62a8c766-3262-48e3-964e-85c1daad9f72,+15327979072,[],fac6b2bb-0554-419d-b0f5-428d4c494e68,"6209 Cedar Ln, Ann Arbor MI",,"[""+15497377250"",""+13924377413"",""+19209418881"",""+16226334109"",""+16479188788"",""+19687538341""]",true
41241983-1d0d-4277-9c7b-ef02f6b57d65,2026-02-01T10:00:00.000Z,Isabella,Brooks,"[""4965a0fd-c5f3-42a1-a3e5-61f2ee878e63"",""215ad12a-a1bf-4062-9e82-eb0d1769664c"",""a9912969-e7c0-49ad-9ef6-3842c9e89836""]",3b7b6abb-51fb-46f6-85fa-d7551a696459,+16741054857,[],41241983-1d0d-4277-9c7b-ef02f6b57d65,"140 Elm Dr, Albuquerque NM",,"[""+17003805719"",""+13191343892"",""+17301760140"",""+17606116847"",""+15304187287"",""+17055844627""]",true
f02ffc00-3e34-4c3a-9b0c-9510552a00fb,2026-02-01T10:00:00.000Z,Ella,Bennett,"[""b03fba16-9d18-46ac-902e-80646a43d6e2"",""5216798f-32db-4095-8c0f-07f3ac93cc52""]",ffc6be54-0b66-4ee0-92e6-f240264bf736,+12923308161,[],f02ffc00-3e34-4c3a-9b0c-9510552a00fb,"3014 Jefferson Dr, Detroit MI",,"[""+19939555273"",""+18918262528"",""+13761613131"",""+18295585102"",""+16117205517""]",true
e5ae6756-e4f6-4ce5-82fd-7a0a4291e678,2026-02-01T10:00:00.000Z,Priya,Bryant,"[""a9c0cba0-eb7e-494d-b5ff-1741fada8ae8"",""51e71bf7-25bd-4cff-8784-0d1561ae9bf8"",""2effb56d-83b1-47d9-b9f4-1bf4bbb55248"",""8e5a4a37-3f9f-48c9-baa1-a11f2bccc02d"",""a4c1cf2b-3ba0-4bd2-8bea-092b5db81736""]",fc879496-f9af-4cbe-95aa-b773b8c10973,+19209418881,[],e5ae6756-e4f6-4ce5-82fd-7a0a4291e678,"3985 Fifth Ave, San Francisco CA",,"[""+12622027723"",""+17504805826"",""+18546203773"",""+15499668466"",""+15769345070"",""+19486890240""]",true
31d13542-6ad1-4f70-98f9-5f90bb8786fc,2026-02-01T10:00:00.000Z,Sage,Henderson,"[""39ad447e-a3b0-40eb-9663-5918aca95603"",""fa84d73f-f5dd-4011-8e2d-a1ed93df3f24"",""8e5a4a37-3f9f-48c9-baa1-a11f2bccc02d"",""88f20726-ee47-45eb-a95e-dad044febc36"",""4965a0fd-c5f3-42a1-a3e5-61f2ee878e63"",""d46f26ea-85ce-406e-9cc2-4471ef6b9225""]",05e01e8c-63fd-421f-90fc-e37776e0c48d,+14098909267,[],31d13542-6ad1-4f70-98f9-5f90bb8786fc,"6267 Ash St, Seattle WA",,"[""+16466643324"",""+14641385997"",""+16199557062"",""+18738813701"",""+18803839657"",""+19767453376""]",true
b89dfa88-69e0-4474-895d-4df614b6ab46,2026-02-01T10:00:00.000Z,Skyler,Hayes,"[""0693cf64-e9d5-4b8f-b3f3-45f4ea7385da"",""c0261005-01ad-4304-a837-d2cacba7088e"",""4ee3fcee-5048-4775-a5fa-6c1051f82142"",""2886a975-4938-4b97-985a-738d2c3efeed""]",7f7904b6-38b9-4e21-8127-1890f9897c2b,+15769345070,[],b89dfa88-69e0-4474-895d-4df614b6ab46,"9904 Maple Ave, Boulder CO",,"[""+18667228658"",""+12935886565"",""+12127367281"",""+13479122659"",""+16466643324""]",true
26c932f9-2b57-442c-a098-6155e5d8dbdf,2026-02-01T10:00:00.000Z,James,Murphy,"[""23e0640d-efa5-408d-846e-905fc0d217f7"",""a9c0cba0-eb7e-494d-b5ff-1741fada8ae8""]",901b508a-0418-42d4-9bd4-1099059663ca,+15836287073,[],26c932f9-2b57-442c-a098-6155e5d8dbdf,"208 Forest Ln, Tucson AZ",,"[""+13945523002"",""+13761613131"",""+19648404093"",""+14098909267"",""+12012969983""]",true
e9520bf0-ca3f-4441-aa70-13f8d2415bfb,2026-02-01T10:00:00.000Z,Wei,Chen,"[""a3df35f2-0097-41db-8275-b3fa92555dec"",""ce877f80-b458-4877-81da-17dae886906d"",""b03fba16-9d18-46ac-902e-80646a43d6e2""]",eb7fa69f-3172-4688-84bd-6eda69ad0047,+13643135038,[],e9520bf0-ca3f-4441-aa70-13f8d2415bfb,"6563 Willow Blvd, Boulder CO",,"[""+19429984032"",""+13752382842"",""+16791697557"",""+19565726901"",""+16516881249"",""+12935886565""]",true
9320fa70-b886-4f43-b7a0-04d95954e4b7,2026-02-01T10:00:00.000Z,Olivia,Rivera,"[""0693cf64-e9d5-4b8f-b3f3-45f4ea7385da"",""97ae06f1-d324-4762-8f66-0344614c4692"",""6da1f126-e742-41a5-810c-1e7d3a7ba78f"",""394ffe32-cd01-4cfb-987e-59f3787caa24""]",3a52a583-afde-4aef-a957-9ffab80a8e00,+15603336391,[],9320fa70-b886-4f43-b7a0-04d95954e4b7,"9018 River Rd, Indianapolis IN",,"[""+18426183956"",""+15364377767"",""+15005109953"",""+19895640470"",""+18901038299""]",true
b5070d3d-9325-4539-b019-08fd0c62b869,2026-02-01T10:00:00.000Z,Abigail,Sharma,"[""12c314e9-da12-42e8-a661-3f8ec3ef7fec"",""95441a86-6df8-43b9-bb7d-3d47df0b4faa"",""55cae660-5643-46b2-ba2f-14e92980eff1"",""e43dce86-74ed-4e37-a457-cecb751f0d79"",""93fa283f-d44c-4461-b9e1-5176ef2203fd""]",0958dd06-9242-4d60-9cb0-98bbd4825435,+17737995528,[],b5070d3d-9325-4539-b019-08fd0c62b869,"615 River Rd, Atlanta GA",,"[""+14872393454"",""+17161938681"",""+15007508422"",""+15544341247"",""+19882629697"",""+17943513020""]",true
989829fa-7ca3-4e6b-8971-b169ede3b883,2026-02-01T10:00:00.000Z,Wei,Richardson,"[""51e71bf7-25bd-4cff-8784-0d1561ae9bf8"",""c66da905-1bc9-4bc1-95ca-0477dc66a24d"",""b03fba16-9d18-46ac-902e-80646a43d6e2"",""54965379-10d4-4e29-adac-ff7a5aeefe8a"",""3db7855a-2397-4ea5-96a2-aeb5e193449e"",""93fa283f-d44c-4461-b9e1-5176ef2203fd""]",3020133b-00ba-4919-8e88-50a86a57323c,+15364377767,[],989829fa-7ca3-4e6b-8971-b169ede3b883,"9105 Washington St, Minneapolis MN",,"[""+16186908455"",""+17011385163"",""+12622027723"",""+16199557062"",""+18828409273"",""+15466227224""]",true
a8667a82-cdcd-4d5b-961d-3354daaf92da,2026-02-01T10:00:00.000Z,Scarlett,Nguyen,"[""15abd82b-3957-4354-819d-a1db6f9b3a36"",""3db7855a-2397-4ea5-96a2-aeb5e193449e""]",35ef0215-deaf-4f05-9fef-b40a9fda301a,+17645523365,[],a8667a82-cdcd-4d5b-961d-3354daaf92da,"5532 Washington St, Denver CO",,"[""+13518137899"",""+16446010825"",""+12987311788"",""+18237652641"",""+15805686129"",""+15734978169""]",true
0deaa41a-9ed7-4161-af59-0b5f53b4396a,2026-02-01T10:00:00.000Z,Elijah,Powell,"[""15abd82b-3957-4354-819d-a1db6f9b3a36"",""c66da905-1bc9-4bc1-95ca-0477dc66a24d"",""3c932101-b9af-441a-8362-5acbde6cc66c"",""51e71bf7-25bd-4cff-8784-0d1561ae9bf8"",""2effb56d-83b1-47d9-b9f4-1bf4bbb55248""]",c3611f30-50f7-4511-9044-b85eb0fe70ce,+19575672288,[],0deaa41a-9ed7-4161-af59-0b5f53b4396a,"3573 Oak St, Phoenix AZ",,"[""+14429951369"",""+13276739800"",""+19486890240"",""+17645523365"",""+13312153082""]",true
9252e853-939b-4d8e-bba9-e70e2293f897,2026-02-01T10:00:00.000Z,Nora,Vasquez,"[""9966ba02-e105-4de5-8072-5aa984e27e03"",""89516abb-169f-4f71-bafd-4c5df95a940d"",""2effb56d-83b1-47d9-b9f4-1bf4bbb55248"",""a3df35f2-0097-41db-8275-b3fa92555dec"",""5216798f-32db-4095-8c0f-07f3ac93cc52"",""879106a5-1d96-4eac-95a5-eb82a72bd466""]",680b4b76-0cb1-493a-a72c-6644e59a1635,+13191343892,[],9252e853-939b-4d8e-bba9-e70e2293f897,"4800 Ash St, Asheville NC",,"[""+19583651471"",""+19998944303"",""+15155916265"",""+15603336391"",""+15005109953"",""+16741054857""]",true
5c5166de-2844-4d0e-9ccd-6ad5d2ba5ba7,2026-02-01T10:00:00.000Z,Elizabeth,Richardson,"[""fbc750dc-dd67-4b89-97d1-8a55c75e50dc"",""95441a86-6df8-43b9-bb7d-3d47df0b4faa"",""a5206965-c455-463d-b653-6d5e3d2f6c07"",""d079a232-04e3-4cbe-8193-d4f90978b998"",""0967dfc2-3d82-4fe5-b31d-6f0d7ad2fc3b"",""32874b53-38f8-4be9-8872-48d3657c0032"",""879106a5-1d96-4eac-95a5-eb82a72bd466""]",3b109a93-6998-429f-8ff6-b3b3cac200b3,+15784632037,[],5c5166de-2844-4d0e-9ccd-6ad5d2ba5ba7,"5214 Highland Ave, Indianapolis IN",,"[""+16226334109"",""+19044211637"",""+14677891213"",""+15605579361"",""+13191343892"",""+15364377767""]",true
e4033c2f-76a4-4ae9-a4ac-52b01bb9cb11,2026-02-01T10:00:00.000Z,Alex,Wood,"[""b08b81e6-c3d1-449b-b4e4-1a5d03159e66"",""33af2ed3-7934-4869-8092-59043cee0ccf"",""e121fdc9-10c9-4742-8d39-5af81719a9fc"",""0a331f18-aa5e-4558-bbc1-0fa2466ebd9d"",""476cc0f3-5597-47e0-a4d4-87767a57a208"",""cbcb83c9-dae4-47ca-a529-4edf00c38d61""]",8ca9bc26-d98d-4202-a9b3-ee897d30bb14,+16612872318,[],e4033c2f-76a4-4ae9-a4ac-52b01bb9cb11,"4245 Lake Dr, Brooklyn NY",,"[""+14872393454"",""+16479188788"",""+17743886955"",""+14677891213"",""+18037723848""]",true
e5e13490-4f2d-4983-b7fa-653d774db414,2026-02-01T10:00:00.000Z,Elena,Nkrumah,"[""7bde58be-30d3-4700-a8f9-1a85e674ca32"",""f2c9f1a9-954d-4a18-9a54-8857a87ceccf"",""d079a232-04e3-4cbe-8193-d4f90978b998""]",07b2230e-70a9-46cd-99d6-2d6be726309b,+19644546941,[],e5e13490-4f2d-4983-b7fa-653d774db414,"9648 Jefferson Dr, Charlotte NC",,"[""+18373980817"",""+17743886955"",""+12923308161"",""+12552004735"",""+19648404093""]",true
812645ac-4af1-4f04-aab0-892763c8693c,2026-02-01T10:00:00.000Z,Blake,Bergstrom,"[""394ffe32-cd01-4cfb-987e-59f3787caa24"",""9966ba02-e105-4de5-8072-5aa984e27e03"",""e2d28ece-27da-4e15-9096-ae20fa62bccc"",""43946d00-3493-4795-9de1-94dcfddaec52"",""31247421-4d04-4a31-8bb9-eed11e3b8130"",""e43dce86-74ed-4e37-a457-cecb751f0d79"",""7f428d06-7519-44df-9a1a-3e59d1e02125""]",7bb03a26-f8a7-4fe0-b4af-1d4268e5b23c,+17179044949,[],812645ac-4af1-4f04-aab0-892763c8693c,"5191 Sunset Blvd, Nashville TN",,"[""+14677891213"",""+15784632037"",""+12468580760"",""+18362384304"",""+17645523365"",""+14105281076""]",true
6dbd4282-b8e3-4c87-81a5-900489ca9f40,2026-02-01T10:00:00.000Z,Aria,Nielsen,"[""e116eef4-aa3e-4cd2-bc10-5b2e34519410"",""7bde58be-30d3-4700-a8f9-1a85e674ca32"",""b79bf015-7e51-4b09-98a9-086d68d1dba3"",""76c2936c-45ad-4e1e-b9d3-33e1ae28dd55""]",78702f7a-dc10-44ba-8033-ae77bd89f0ab,+18037723848,[],6dbd4282-b8e3-4c87-81a5-900489ca9f40,"9618 Elm Dr, Columbus OH",,"[""+12594567004"",""+19452444295"",""+18918262528"",""+12843282373"",""+19209418881""]",true
e26667e9-c5e9-437a-ba90-8506ce409500,2026-02-01T10:00:00.000Z,Kendall,Santos,"[""da901658-cf30-4f1a-a3ae-dce5fbc88bf0"",""94ad97da-9dc9-4492-9339-112f61e11984"",""d0ca6bf9-0078-41a9-bc7e-6e7d80fdbf81"",""04ede62d-b65c-4fcd-b778-f4dec98374da""]",26848af5-e05c-41f7-a95a-8e0353e50b3a,+17003805719,[],e26667e9-c5e9-437a-ba90-8506ce409500,"694 Sunset Blvd, Brooklyn NY",,"[""+15424874648"",""+16199557062"",""+15784632037"",""+15544341247"",""+13538713245"",""+19452444295""]",true
12589087-c301-4989-91f5-b73bfc6aa352,2026-02-01T10:00:00.000Z,Hiro,Garcia,"[""bde9e0af-8936-47d4-ba79-664cc2f1d890"",""a9912969-e7c0-49ad-9ef6-3842c9e89836"",""7ce1bd26-2f1f-49c1-bc93-7352185e7e96"",""2e0f3253-0a12-4d51-a5c3-bbc1d6814cf6""]",294ec810-b4e6-4139-a67b-e0ccac8ed90e,+18614269729,[],12589087-c301-4989-91f5-b73bfc6aa352,"4071 Hill Rd, Boston MA",,"[""+12012969983"",""+12552004735"",""+19209418881"",""+17737995528"",""+13166995054""]",true
ca72748c-2031-4f57-9950-e0e8c27144a0,2026-02-01T10:00:00.000Z,James,Patterson,"[""da901658-cf30-4f1a-a3ae-dce5fbc88bf0"",""a5206965-c455-463d-b653-6d5e3d2f6c07""]",b67e8eaf-933f-4a9c-9482-41e87a0a197a,+19921032592,[],ca72748c-2031-4f57-9950-e0e8c27144a0,"2899 Broadway, Charlotte NC",,"[""+17482721842"",""+15004711694"",""+14086360582"",""+19486890240"",""+19767453376""]",true
df4ee945-67ed-4cae-9021-7f69a7361021,2026-02-01T10:00:00.000Z,Grace,Alexander,"[""97ae06f1-d324-4762-8f66-0344614c4692"",""c0261005-01ad-4304-a837-d2cacba7088e"",""3eadd98c-e01e-4e65-8b43-60977dafa886"",""4ee3fcee-5048-4775-a5fa-6c1051f82142""]",782c992a-b5a8-4982-847a-e1919199aafa,+18607796913,[],df4ee945-67ed-4cae-9021-7f69a7361021,"9953 Jefferson Dr, Charlotte NC",,"[""+17645523365"",""+17011385163"",""+18261850654"",""+14953818999"",""+13752382842"",""+19774511875""]",true
110bd94e-f5a1-46c0-b331-36df7e84a8ea,2026-02-01T10:00:00.000Z,Ella,Nguyen,"[""a3df35f2-0097-41db-8275-b3fa92555dec"",""3c932101-b9af-441a-8362-5acbde6cc66c""]",1d9b6b19-bbf5-4ef2-8566-b40eb987559d,+14761912547,[],110bd94e-f5a1-46c0-b331-36df7e84a8ea,"8254 Sunset Blvd, Burlington VT",,"[""+14677891213"",""+13505121350"",""+17609081186"",""+18237652641"",""+17152729153"",""+13092734471""]",true
d7799cbd-3c3a-4fbb-bec5-9382ce309823,2026-02-01T10:00:00.000Z,Mei,Murphy,"[""c66da905-1bc9-4bc1-95ca-0477dc66a24d"",""f9b8ac96-8faa-4e3f-97ee-a06ca1392654"",""ec166c6b-5945-42c3-b6d5-85401e9faa38"",""458936ff-e696-4b1d-9259-62eed20e82d0"",""ae1859b4-5776-415a-b7e2-ccd6b3423d11""]",546a6371-e8c6-401c-b023-a717ef499ac0,+15488578476,[],d7799cbd-3c3a-4fbb-bec5-9382ce309823,"7673 Ash St, Boulder CO",,"[""+15544341247"",""+14098909267"",""+16741054857"",""+15918244223"",""+14867652844"",""+13356963174""]",true
d43b6807-0247-48d4-bbcd-1311437af6fd,2026-02-01T10:00:00.000Z,Amir,Weber,"[""76c2936c-45ad-4e1e-b9d3-33e1ae28dd55"",""93fa283f-d44c-4461-b9e1-5176ef2203fd"",""e64b5307-ee62-4888-bab5-d97a19600e58"",""a9c0cba0-eb7e-494d-b5ff-1741fada8ae8"",""88f20726-ee47-45eb-a95e-dad044febc36"",""3929e7e2-9e88-42f5-b338-0c047ba62b50"",""97ae06f1-d324-4762-8f66-0344614c4692""]",d1b38de0-f3bd-426d-9fed-ee03fd386158,+18181033441,[],d43b6807-0247-48d4-bbcd-1311437af6fd,"1828 Ash St, Philadelphia PA",,"[""+15544341247"",""+15497377250"",""+13276739800"",""+12035752505"",""+14947379089""]",true
e58f6cd4-b4d4-40df-ada7-8971213ec9b9,2026-02-01T10:00:00.000Z,River,Murphy,"[""bde9e0af-8936-47d4-ba79-664cc2f1d890"",""481a6651-13bd-4f57-93cc-5aed97c356aa"",""e121fdc9-10c9-4742-8d39-5af81719a9fc"",""458936ff-e696-4b1d-9259-62eed20e82d0""]",561d48ff-0b23-4d62-b4f9-e8e790031043,+18362384304,[],e58f6cd4-b4d4-40df-ada7-8971213ec9b9,"3489 Franklin Way, Phoenix AZ",,"[""+14105281076"",""+15605579361"",""+19123984376"",""+13783804673"",""+16199557062""]",true
0b6d2099-08b7-4697-980b-6058684d6d96,2026-02-01T10:00:00.000Z,Payton,Ali,"[""4d2a8e04-4abe-42c0-a312-09119061c223"",""fa84d73f-f5dd-4011-8e2d-a1ed93df3f24""]",760a8872-3ac0-49a0-ab8c-82e1d5ff9dd2,+14677891213,[],0b6d2099-08b7-4697-980b-6058684d6d96,"4561 Forest Ln, Indianapolis IN",,"[""+16226334109"",""+18906203578"",""+16741054857"",""+12935886565"",""+16199557062""]",true
68c0a56c-f9b1-4fd9-b276-3e511b2926eb,2026-02-01T10:00:00.000Z,Alex,Peterson,"[""9d3dbadd-49c1-405c-8551-f80a9a92cf44"",""b08704d8-e5b6-415c-8784-d8bbbec49d2e"",""476cc0f3-5597-47e0-a4d4-87767a57a208"",""879106a5-1d96-4eac-95a5-eb82a72bd466"",""4d2a8e04-4abe-42c0-a312-09119061c223""]",78826945-f2b8-48f7-b8f6-8388c5d3f82e,+18295585102,[],68c0a56c-f9b1-4fd9-b276-3e511b2926eb,"6090 Hill Rd, Salt Lake City UT",,"[""+13783804673"",""+14127297189"",""+13554874545"",""+13592700939"",""+15097371790"",""+17011385163""]",true
5115b787-98ff-425f-9457-d726627b9af5,2026-02-01T10:00:00.000Z,Olivia,Torres,"[""2f2dc6db-901e-4e90-b56d-3045e552b81b"",""112c404a-2b15-4e16-b9d1-0fba58cf6dde"",""a4c1cf2b-3ba0-4bd2-8bea-092b5db81736"",""cbcb83c9-dae4-47ca-a529-4edf00c38d61"",""d079a232-04e3-4cbe-8193-d4f90978b998"",""0a331f18-aa5e-4558-bbc1-0fa2466ebd9d"",""88f20726-ee47-45eb-a95e-dad044febc36""]",41c77067-730e-4ecf-87dd-26b4654ee5ad,+15007508422,[],5115b787-98ff-425f-9457-d726627b9af5,"5484 Willow Blvd, Asheville NC",,"[""+13994739027"",""+19921032592"",""+17426162215"",""+19631488564"",""+15015466822"",""+19565726901""]",true
656e3714-02ce-4474-9f54-bf167e695414,2026-02-01T10:00:00.000Z,Marcus,James,"[""95441a86-6df8-43b9-bb7d-3d47df0b4faa"",""3db7855a-2397-4ea5-96a2-aeb5e193449e"",""54965379-10d4-4e29-adac-ff7a5aeefe8a"",""a3df35f2-0097-41db-8275-b3fa92555dec"",""b08704d8-e5b6-415c-8784-d8bbbec49d2e"",""a9912969-e7c0-49ad-9ef6-3842c9e89836"",""2e0f3253-0a12-4d51-a5c3-bbc1d6814cf6""]",5ea9b1a3-b580-4c65-9d61-0b45d5818134,+14026068719,[],656e3714-02ce-4474-9f54-bf167e695414,"1749 Valley View, Asheville NC",,"[""+18289649969"",""+16034289140"",""+18274597933"",""+16516881249"",""+18844819410"",""+12901782391""]",true
47f73b16-5cfb-458b-85c4-902af2616edd,2026-02-01T10:00:00.000Z,Mason,Bergstrom,"[""c0261005-01ad-4304-a837-d2cacba7088e"",""9d3dbadd-49c1-405c-8551-f80a9a92cf44"",""cbcb83c9-dae4-47ca-a529-4edf00c38d61"",""33af2ed3-7934-4869-8092-59043cee0ccf""]",43053588-e60a-468f-bb8f-2af87b6575f8,+12901782391,[],47f73b16-5cfb-458b-85c4-902af2616edd,"9193 Main St, Raleigh NC",,"[""+17714448313"",""+15497377250"",""+13092734471"",""+12012969983"",""+19921032592"",""+15635024349""]",true
d7e33900-8e4d-42b3-ac77-20051ab13497,2026-02-01T10:00:00.000Z,Sophia,Gray,"[""ae1859b4-5776-415a-b7e2-ccd6b3423d11"",""3db7855a-2397-4ea5-96a2-aeb5e193449e"",""0693cf64-e9d5-4b8f-b3f3-45f4ea7385da"",""e993c5fa-3dd0-4e63-a209-5d7579c41fd0"",""f2c9f1a9-954d-4a18-9a54-8857a87ceccf"",""9d3dbadd-49c1-405c-8551-f80a9a92cf44""]",db600a3c-024a-488a-9754-f2e96e0e4232,+16791697557,[],d7e33900-8e4d-42b3-ac77-20051ab13497,"9837 Main St, Boston MA",,"[""+13092734471"",""+17316194017"",""+18844819410"",""+19687538341"",""+17011385163"",""+16516881249""]",true
7d66bf07-3542-4bbe-b572-28af6adfa351,2026-02-01T10:00:00.000Z,Omar,Foster,"[""0b18ce4b-e151-43a0-a1eb-af11946dc652"",""12673ad9-4b00-4731-92b3-1666caf082b3""]",ff2b7f74-02c9-4855-8648-b920668c77b6,+17055844627,[],7d66bf07-3542-4bbe-b572-28af6adfa351,"2334 Pine Rd, Miami FL",,"[""+13292247215"",""+15097371790"",""+17252821316"",""+15635024349"",""+15179376214""]",true
5645a9ea-09aa-4c34-bf30-e75ddf26ff2e,2026-02-01T10:00:00.000Z,James,Barnes,"[""12c314e9-da12-42e8-a661-3f8ec3ef7fec"",""c033cee7-2d94-4b98-be6a-7c60af64deaf"",""c66da905-1bc9-4bc1-95ca-0477dc66a24d"",""2e0f3253-0a12-4d51-a5c3-bbc1d6814cf6"",""12673ad9-4b00-4731-92b3-1666caf082b3"",""97ae06f1-d324-4762-8f66-0344614c4692"",""9d3dbadd-49c1-405c-8551-f80a9a92cf44""]",8de5ebf0-c694-40c4-b717-8ea7e3ee55c3,+13538713245,[],5645a9ea-09aa-4c34-bf30-e75ddf26ff2e,"2239 Ash St, Columbus OH",,"[""+16612872318"",""+16206862764"",""+13592700939"",""+15155916265"",""+16603433439""]",true
c7f2ff53-3994-4baf-9922-1871836ae3a5,2026-02-01T10:00:00.000Z,Mia,Santos,"[""1ce8c33f-4ec0-4deb-a8c2-60ec366a580c"",""2f2dc6db-901e-4e90-b56d-3045e552b81b""]",7fddf232-bb05-4afe-b973-938704ee8e28,+16466643324,[],c7f2ff53-3994-4baf-9922-1871836ae3a5,"168 Hill Rd, Minneapolis MN",,"[""+19055490349"",""+13292247215"",""+15784632037"",""+18546203773"",""+12012969983""]",true
dd801820-db07-4d85-9adb-be6cf8abc3e5,2026-02-01T10:00:00.000Z,Brandon,Bergstrom,"[""a9912969-e7c0-49ad-9ef6-3842c9e89836"",""c66da905-1bc9-4bc1-95ca-0477dc66a24d""]",70a2457f-5a19-4313-8796-01eb7579ca38,+12832879719,[],dd801820-db07-4d85-9adb-be6cf8abc3e5,"2586 Forest Ln, Austin TX",,"[""+13356963174"",""+19631488564"",""+14953818999"",""+15734978169"",""+17055844627"",""+19939555273""]",true
b3d5869c-fa4a-4d68-975b-fa7e1e6d8d44,2026-02-01T10:00:00.000Z,Payton,Sanders,"[""a5206965-c455-463d-b653-6d5e3d2f6c07"",""f5daf628-ea49-4acc-b134-3880bf7172d8"",""fb14d42e-3ab2-4a56-8d1f-b10cd0235670""]",80efaf88-1dd4-4b45-b466-9268cd5343fb,+16518098877,[],b3d5869c-fa4a-4d68-975b-fa7e1e6d8d44,"3798 Sunset Blvd, Phoenix AZ",,"[""+18679318001"",""+13839769673"",""+19575672288"",""+15304187287"",""+18426183956"",""+17645523365""]",true
50948555-9c81-4d4f-a8bb-55449da70aeb,2026-02-01T10:00:00.000Z,Emma,Sharma,"[""10bca419-afd4-4dfb-ad47-885b392cd77e"",""e993c5fa-3dd0-4e63-a209-5d7579c41fd0"",""d46f26ea-85ce-406e-9cc2-4471ef6b9225"",""c66da905-1bc9-4bc1-95ca-0477dc66a24d"",""10fcf18a-b178-4e90-b859-b45b8e3dce23"",""bde9e0af-8936-47d4-ba79-664cc2f1d890"",""a7bce0a3-39c4-4464-9d7b-5c9f4953faf7""]",2b6195da-317d-4081-834b-3208b1188cfe,+16658248036,[],50948555-9c81-4d4f-a8bb-55449da70aeb,"2170 Fifth Ave, Miami FL",,"[""+15005109953"",""+17252821316"",""+17161938681"",""+19921032592"",""+14947379089""]",true
4f5b9272-8914-4dc0-ad6f-3dbf83b593d0,2026-02-01T10:00:00.000Z,Abigail,Coleman,"[""fa84d73f-f5dd-4011-8e2d-a1ed93df3f24"",""31247421-4d04-4a31-8bb9-eed11e3b8130"",""12c314e9-da12-42e8-a661-3f8ec3ef7fec"",""0a331f18-aa5e-4558-bbc1-0fa2466ebd9d""]",dc343d7f-f538-4bf5-bd73-b54766f6a3c3,+15544341247,[],4f5b9272-8914-4dc0-ad6f-3dbf83b593d0,"9319 First St, San Diego CA",,"[""+17179044949"",""+13166995054"",""+17301760140"",""+17454200472"",""+18612175658"",""+14353479358""]",true
95fc5ada-224b-44a6-984e-61e5a754eecf,2026-02-01T10:00:00.000Z,Camila,Griffin,"[""5216798f-32db-4095-8c0f-07f3ac93cc52"",""31247421-4d04-4a31-8bb9-eed11e3b8130"",""6da1f126-e742-41a5-810c-1e7d3a7ba78f"",""c033cee7-2d94-4b98-be6a-7c60af64deaf"",""beead00b-9bd8-454a-92cd-77fc7e19ffad""]",7a21c8df-2fe6-4ccf-81a2-ad2af5b8311d,+19744814391,[],95fc5ada-224b-44a6-984e-61e5a754eecf,"930 Broadway, Brooklyn NY",,"[""+15904030933"",""+17645523365"",""+17316397922"",""+15759662468"",""+17161938681""]",true
9de24d25-398a-4103-9d47-e58b0e3e524d,2026-02-01T10:00:00.000Z,Cameron,Mueller,"[""d0ca6bf9-0078-41a9-bc7e-6e7d80fdbf81"",""9d3dbadd-49c1-405c-8551-f80a9a92cf44"",""2886a975-4938-4b97-985a-738d2c3efeed"",""04ede62d-b65c-4fcd-b778-f4dec98374da"",""55cae660-5643-46b2-ba2f-14e92980eff1"",""a9912969-e7c0-49ad-9ef6-3842c9e89836""]",ea205465-1a60-4629-b7dc-ea7d6b89746f,+15635024349,[],9de24d25-398a-4103-9d47-e58b0e3e524d,"7245 Park Ave, Ann Arbor MI",,"[""+16186908455"",""+15004711694"",""+16791697557"",""+14953818999"",""+17301760140"",""+17316397922""]",true
c5db1ddf-f2ab-4453-adef-1e7dbdf87ad1,2026-02-01T10:00:00.000Z,Priya,Martinez,"[""12673ad9-4b00-4731-92b3-1666caf082b3"",""55cae660-5643-46b2-ba2f-14e92980eff1"",""0693cf64-e9d5-4b8f-b3f3-45f4ea7385da"",""33af2ed3-7934-4869-8092-59043cee0ccf""]",6e05a945-fdf4-4f1d-a8e1-b294114bc1bf,+18036093882,[],c5db1ddf-f2ab-4453-adef-1e7dbdf87ad1,"8256 Lincoln Ave, Portland OR",,"[""+12552004735"",""+17252821316"",""+18844819410"",""+18249726810"",""+13518137899"",""+14105281076""]",true
71ce5aac-21b2-4a0b-9658-30f0c73906b1,2026-02-01T10:00:00.000Z,Finley,Hassan,"[""46dae9f6-d757-4148-bdfb-e18aea5c5f38"",""e121fdc9-10c9-4742-8d39-5af81719a9fc"",""2886a975-4938-4b97-985a-738d2c3efeed"",""0967dfc2-3d82-4fe5-b31d-6f0d7ad2fc3b""]",0fc50bb3-21da-49a7-b563-8380325b6ab9,+18738813701,[],71ce5aac-21b2-4a0b-9658-30f0c73906b1,"5594 Hill Rd, Boise ID",,"[""+17714448313"",""+16658248036"",""+19206653363"",""+18237652641"",""+16791697557"",""+17316194017""]",true
7544b11b-d70a-4f23-9c46-9a8943b5d3f1,2026-02-01T10:00:00.000Z,Sam,Sharma,"[""a9912969-e7c0-49ad-9ef6-3842c9e89836"",""54965379-10d4-4e29-adac-ff7a5aeefe8a""]",12c0f26f-980f-4f10-a627-c4af3cb42e12,+15155916265,[],7544b11b-d70a-4f23-9c46-9a8943b5d3f1,"6839 Fifth Ave, Austin TX",,"[""+19767453376"",""+15635024349"",""+18362384304"",""+19514820699"",""+19895640470""]",true
bba99229-ccbc-4db1-9ebb-b2948e9aa062,2026-02-01T10:00:00.000Z,Emery,Myers,"[""06fa5aee-ecb8-4639-a80e-24d760a1c51a"",""e64b5307-ee62-4888-bab5-d97a19600e58"",""c0261005-01ad-4304-a837-d2cacba7088e""]",d32e7a7f-5d49-429b-9c4b-753a598a698a,+14105281076,[],bba99229-ccbc-4db1-9ebb-b2948e9aa062,"3885 Birch Way, Boulder CO",,"[""+18181033441"",""+17316397922"",""+19575672288"",""+18901038299"",""+18679318001""]",true
6b10c7ca-17a2-49b7-ba50-3be98ce70ad9,2026-02-01T10:00:00.000Z,Lillian,Washington,"[""ce877f80-b458-4877-81da-17dae886906d"",""f2c9f1a9-954d-4a18-9a54-8857a87ceccf"",""d079a232-04e3-4cbe-8193-d4f90978b998"",""f9b8ac96-8faa-4e3f-97ee-a06ca1392654"",""2886a975-4938-4b97-985a-738d2c3efeed"",""3db7855a-2397-4ea5-96a2-aeb5e193449e"",""ae1859b4-5776-415a-b7e2-ccd6b3423d11""]",bdb787f1-bd7a-4f67-a718-65dd8ca2eabd,+17252821316,[],6b10c7ca-17a2-49b7-ba50-3be98ce70ad9,"2929 Franklin Way, Boston MA",,"[""+14761912547"",""+19648404093"",""+13518137899"",""+14947379089"",""+15918244223"",""+15424874648""]",true
0422f809-c4a0-49f5-96e1-d7d225fec2fa,2026-02-01T10:00:00.000Z,Payton,Simmons,"[""458936ff-e696-4b1d-9259-62eed20e82d0"",""9f5f9233-dd1f-4fe3-81da-ed2ce762c155"",""15abd82b-3957-4354-819d-a1db6f9b3a36"",""879106a5-1d96-4eac-95a5-eb82a72bd466"",""94ad97da-9dc9-4492-9339-112f61e11984"",""1ce8c33f-4ec0-4deb-a8c2-60ec366a580c""]",68be8f6a-5a63-44f0-9cef-e43c67889a67,+12843282373,[],0422f809-c4a0-49f5-96e1-d7d225fec2fa,"3912 Maple Ave, Salt Lake City UT",,"[""+16117205517"",""+15635024349"",""+13356963174"",""+18667228658"",""+18289649969""]",true
036bf836-80f1-4bab-a079-d14604bce99b,2026-02-01T10:00:00.000Z,James,Lopez,"[""394ffe32-cd01-4cfb-987e-59f3787caa24"",""e2d280a1-8fa1-4f16-b13c-603588097c93""]",0a9a7ddc-00c5-440a-90bc-3b40747b0408,+13761613131,[],036bf836-80f1-4bab-a079-d14604bce99b,"2093 Pine Rd, Detroit MI",,"[""+17457773243"",""+18803839657"",""+19687538341"",""+19044211637"",""+15791337536"",""+19648404093""]",true
f14789c5-8919-4989-8505-48ecdc24bf16,2026-02-01T10:00:00.000Z,Olivia,Martinez,"[""778f5bbd-20e1-472c-8a6e-57c24defa8a7"",""2886a975-4938-4b97-985a-738d2c3efeed"",""9e17db54-8f9a-4c8b-bc39-45aceae8d384"",""7bde58be-30d3-4700-a8f9-1a85e674ca32"",""b08b81e6-c3d1-449b-b4e4-1a5d03159e66""]",578e8b84-ae52-4b40-aaa8-008534e748ba,+15304187287,[],f14789c5-8919-4989-8505-48ecdc24bf16,"5516 Valley View, Nashville TN",,"[""+18961107861"",""+19865511483"",""+19575672288"",""+18181033441"",""+14127297189""]",true
e27dc411-3727-4d39-a78a-032d9c8fc4a0,2026-02-01T10:00:00.000Z,Blake,Wright,"[""2f2dc6db-901e-4e90-b56d-3045e552b81b"",""d079a232-04e3-4cbe-8193-d4f90978b998"",""39ad447e-a3b0-40eb-9663-5918aca95603"",""89516abb-169f-4f71-bafd-4c5df95a940d"",""9966ba02-e105-4de5-8072-5aa984e27e03""]",0e4f278e-7877-4785-96e1-8f7db50e59d4,+17504805826,[],e27dc411-3727-4d39-a78a-032d9c8fc4a0,"5875 Pine Rd, Brooklyn NY",,"[""+12035752505"",""+18901038299"",""+18738813701"",""+17454200472"",""+19044211637"",""+12935886565""]",true
d660c6d8-dd78-4621-9144-e5c46fb84d67,2026-02-01T10:00:00.000Z,Blake,Ross,"[""10fcf18a-b178-4e90-b859-b45b8e3dce23"",""93fa283f-d44c-4461-b9e1-5176ef2203fd"",""12673ad9-4b00-4731-92b3-1666caf082b3"",""7ce1bd26-2f1f-49c1-bc93-7352185e7e96""]",fdedd4e6-8341-49a0-a9c6-06b91fd967d6,+19086811616,[],d660c6d8-dd78-4621-9144-e5c46fb84d67,"9832 Sunset Blvd, Detroit MI",,"[""+17311802092"",""+16611852271"",""+17161938681"",""+17055844627"",""+18906203578""]",true
6202facb-19c4-486f-bd7c-00c2962dce33,2026-02-01T10:00:00.000Z,Reagan,Ramirez,"[""95441a86-6df8-43b9-bb7d-3d47df0b4faa"",""b08704d8-e5b6-415c-8784-d8bbbec49d2e"",""2f2dc6db-901e-4e90-b56d-3045e552b81b""]",3237e804-c357-4ff4-b8ea-fe4d2fb7feb3,+15015466822,[],6202facb-19c4-486f-bd7c-00c2962dce33,"3876 Fifth Ave, Atlanta GA",,"[""+19055490349"",""+13292247215"",""+14127297189"",""+13994739027"",""+17457773243"",""+14953818999""]",true
3b0ca2ab-4cf4-4d67-8c08-1c1aa057824f,2026-02-01T10:00:00.000Z,Riley,Henderson,"[""2effb56d-83b1-47d9-b9f4-1bf4bbb55248"",""12c314e9-da12-42e8-a661-3f8ec3ef7fec"",""b08b81e6-c3d1-449b-b4e4-1a5d03159e66"",""acf09f1d-3d45-44a2-ac63-0ddd2c87088e""]",50fdc0b8-9823-4f05-9022-da3e1f93d7f6,+17316194017,[],3b0ca2ab-4cf4-4d67-8c08-1c1aa057824f,"5547 Oak St, Miami FL",,"[""+17055844627"",""+17457773243"",""+16034289140"",""+19921032592"",""+12987311788""]",true
8237093f-2d8d-44d8-a7d0-b2b6bf85d153,2026-02-01T10:00:00.000Z,Ethan,Chen,"[""15abd82b-3957-4354-819d-a1db6f9b3a36"",""7f428d06-7519-44df-9a1a-3e59d1e02125""]",8ee3d264-c52a-438e-966b-0c4805b6d578,+19648404093,[],8237093f-2d8d-44d8-a7d0-b2b6bf85d153,"9716 Birch Way, Boston MA",,"[""+15007508422"",""+19895640470"",""+16612872318"",""+18607796913"",""+12901782391""]",true
24f1747c-48ad-452c-b491-5ef9c566ada5,2026-02-01T10:00:00.000Z,Destiny,Martinez,"[""10bca419-afd4-4dfb-ad47-885b392cd77e"",""e116eef4-aa3e-4cd2-bc10-5b2e34519410"",""12c314e9-da12-42e8-a661-3f8ec3ef7fec"",""cbcb83c9-dae4-47ca-a529-4edf00c38d61"",""a4c1cf2b-3ba0-4bd2-8bea-092b5db81736"",""c0261005-01ad-4304-a837-d2cacba7088e"",""a9912969-e7c0-49ad-9ef6-3842c9e89836""]",6fd4e31b-8ca6-4699-b3cd-2445f5d1f866,+17316397922,[],24f1747c-48ad-452c-b491-5ef9c566ada5,"2805 Ash St, Detroit MI",,"[""+18037723848"",""+18961107861"",""+17504805826"",""+18667228658"",""+18426183956""]",true
10d9d903-33ea-400d-9a6c-40f3821dba2d,2026-02-01T10:00:00.000Z,Aiden,Coleman,"[""a7bce0a3-39c4-4464-9d7b-5c9f4953faf7"",""c66da905-1bc9-4bc1-95ca-0477dc66a24d"",""3db7855a-2397-4ea5-96a2-aeb5e193449e""]",b17ebb22-ec6a-48d4-9fd4-f40bcbdc3397,+17609081186,[],10d9d903-33ea-400d-9a6c-40f3821dba2d,"4183 Pine Rd, Minneapolis MN",,"[""+14872393454"",""+19166894160"",""+17943513020"",""+16518098877"",""+19644546941"",""+18274597933""]",true
86e8b574-f3ce-4083-b1e1-1ceebf0cf08a,2026-02-01T10:00:00.000Z,Emery,Garcia,"[""46dae9f6-d757-4148-bdfb-e18aea5c5f38"",""bde9e0af-8936-47d4-ba79-664cc2f1d890"",""476cc0f3-5597-47e0-a4d4-87767a57a208"",""4d2a8e04-4abe-42c0-a312-09119061c223"",""a9c0cba0-eb7e-494d-b5ff-1741fada8ae8"",""51e71bf7-25bd-4cff-8784-0d1561ae9bf8""]",e97b632c-83d9-4dcf-9cec-5a2676596452,+13945523002,[],86e8b574-f3ce-4083-b1e1-1ceebf0cf08a,"8869 Willow Blvd, Austin TX",,"[""+16199557062"",""+17714448313"",""+19206653363"",""+19767453376"",""+17606116847""]",true
457c61b6-b8ca-48db-be93-aa040d03de3a,2026-02-01T10:00:00.000Z,Finley,Long,"[""97ae06f1-d324-4762-8f66-0344614c4692"",""b79bf015-7e51-4b09-98a9-086d68d1dba3"",""f2c9f1a9-954d-4a18-9a54-8857a87ceccf"",""94ad97da-9dc9-4492-9339-112f61e11984""]",cc95a22c-5d05-4690-ae97-e13b1d48b172,+15759662468,[],457c61b6-b8ca-48db-be93-aa040d03de3a,"2064 River Rd, Raleigh NC",,"[""+14105281076"",""+19921032592"",""+18828409273"",""+12012969983"",""+13538713245""]",true
bf607d18-895e-4322-9fa1-650648eaba1b,2026-02-01T10:00:00.000Z,Mia,Washington,"[""ce877f80-b458-4877-81da-17dae886906d"",""94ad97da-9dc9-4492-9339-112f61e11984"",""e2d28ece-27da-4e15-9096-ae20fa62bccc"",""7ce1bd26-2f1f-49c1-bc93-7352185e7e96"",""d079a232-04e3-4cbe-8193-d4f90978b998""]",56312636-3243-4530-8b44-7f7ca5615b8c,+13166995054,[],bf607d18-895e-4322-9fa1-650648eaba1b,"8067 Oak St, Indianapolis IN",,"[""+13092734471"",""+18667228658"",""+13179929176"",""+13191343892"",""+19123984376"",""+16117205517""]",true
339cc922-be83-44db-88d8-958d41991619,2026-02-01T10:00:00.000Z,Cheyenne,Costa,"[""936db8aa-4196-4fcb-819b-4e4a99cf5490"",""c0261005-01ad-4304-a837-d2cacba7088e"",""e121fdc9-10c9-4742-8d39-5af81719a9fc"",""10bca419-afd4-4dfb-ad47-885b392cd77e"",""9e17db54-8f9a-4c8b-bc39-45aceae8d384"",""acf09f1d-3d45-44a2-ac63-0ddd2c87088e""]",e759f9ae-108c-4c35-9709-b52d3959e5b1,+16117205517,[],339cc922-be83-44db-88d8-958d41991619,"6142 Lake Dr, Phoenix AZ",,"[""+16741054857"",""+19774511875"",""+13166995054"",""+18426183956"",""+19086811616""]",true
4d47bb26-8610-48eb-bd59-1f3f178884b2,2026-02-01T10:00:00.000Z,River,Ward,"[""9e17db54-8f9a-4c8b-bc39-45aceae8d384"",""94ad97da-9dc9-4492-9339-112f61e11984"",""3db7855a-2397-4ea5-96a2-aeb5e193449e""]",068a554b-95d8-4903-bc49-05c3aaba3a62,+19206653363,[],4d47bb26-8610-48eb-bd59-1f3f178884b2,"9374 Washington St, Brooklyn NY",,"[""+16117205517"",""+12834628902"",""+16767209170"",""+16466643324"",""+13505121350""]",true
24da7947-e5a3-4b84-a125-4bf5f0d342b9,2026-02-01T10:00:00.000Z,River,Rivera,"[""a5206965-c455-463d-b653-6d5e3d2f6c07"",""8e5a4a37-3f9f-48c9-baa1-a11f2bccc02d"",""06fa5aee-ecb8-4639-a80e-24d760a1c51a"",""32874b53-38f8-4be9-8872-48d3657c0032""]",4644de35-ea80-4bc1-92fc-339d1a6c6fe4,+15097371790,[],24da7947-e5a3-4b84-a125-4bf5f0d342b9,"8595 Forest Ln, Nashville TN",,"[""+12366848643"",""+19413701577"",""+12987311788"",""+12832879719"",""+12901782391""]",true
9aae8fc9-c46d-49c2-929f-856296037b6c,2026-02-01T10:00:00.000Z,Nora,Richardson,"[""4d2a8e04-4abe-42c0-a312-09119061c223"",""33af2ed3-7934-4869-8092-59043cee0ccf"",""5216798f-32db-4095-8c0f-07f3ac93cc52"",""112c404a-2b15-4e16-b9d1-0fba58cf6dde"",""3c932101-b9af-441a-8362-5acbde6cc66c"",""0693cf64-e9d5-4b8f-b3f3-45f4ea7385da"",""936db8aa-4196-4fcb-819b-4e4a99cf5490""]",68a235a3-767c-46fd-be1e-636f9d10e847,+13479122659,[],9aae8fc9-c46d-49c2-929f-856296037b6c,"7888 Pine Rd, Seattle WA",,"[""+18738813701"",""+16658248036"",""+15499668466"",""+17252821316"",""+13518137899"",""+17645523365""]",true
c2b6ea3a-f615-43e6-b75d-36133c209bc0,2026-02-01T10:00:00.000Z,Wei,Lopez,"[""a7bce0a3-39c4-4464-9d7b-5c9f4953faf7"",""a3df35f2-0097-41db-8275-b3fa92555dec""]",e2d5c699-fc6c-4845-b3a2-480db19d83b7,+16479188788,[],c2b6ea3a-f615-43e6-b75d-36133c209bc0,"8366 Franklin Way, Boise ID",,"[""+13391872826"",""+16206862764"",""+14947379089"",""+15605579361"",""+17003805719"",""+15488578476""]",true
4d7bc406-e91e-465f-8bbe-0d54e1e96e56,2026-02-01T10:00:00.000Z,Jasmine,Novak,"[""3929e7e2-9e88-42f5-b338-0c047ba62b50"",""55cae660-5643-46b2-ba2f-14e92980eff1""]",6d0bf5b5-0686-4013-b0d9-6f2ace41b22c,+19166894160,[],4d7bc406-e91e-465f-8bbe-0d54e1e96e56,"2281 Washington St, Austin TX",,"[""+15734978169"",""+14677891213"",""+15499668466"",""+14105281076"",""+18906203578""]",true
d02bc143-a9f1-48e3-a8b1-48a0a0444afe,2026-02-01T10:00:00.000Z,Skyler,Khan,"[""0b18ce4b-e151-43a0-a1eb-af11946dc652"",""a7bce0a3-39c4-4464-9d7b-5c9f4953faf7"",""33af2ed3-7934-4869-8092-59043cee0ccf""]",87b05328-5f2f-45c6-bdbf-e0da00003313,+16186908455,[],d02bc143-a9f1-48e3-a8b1-48a0a0444afe,"7314 Oak St, Boulder CO",,"[""+14431233875"",""+13538713245"",""+15488578476"",""+17743886955"",""+14924398955"",""+14483242333""]",true
fec4161f-0301-4c7a-820d-cdc8bc94ee7a,2026-02-01T10:00:00.000Z,Lucas,Foster,"[""b79bf015-7e51-4b09-98a9-086d68d1dba3"",""0a331f18-aa5e-4558-bbc1-0fa2466ebd9d"",""cbcb83c9-dae4-47ca-a529-4edf00c38d61"",""3c932101-b9af-441a-8362-5acbde6cc66c"",""9e17db54-8f9a-4c8b-bc39-45aceae8d384"",""e121fdc9-10c9-4742-8d39-5af81719a9fc""]",8b13fb5c-1c50-4190-8f0e-2e6fb019bf3f,+14867652844,[],fec4161f-0301-4c7a-820d-cdc8bc94ee7a,"4431 Fifth Ave, Philadelphia PA",,"[""+15918244223"",""+15424874648"",""+13783804673"",""+19044211637"",""+13592700939"",""+14026068719""]",true
83f2ddf6-28d7-4738-adc9-1b0a596fc38f,2026-02-01T10:00:00.000Z,Jordan,Kim,"[""10fcf18a-b178-4e90-b859-b45b8e3dce23"",""0967dfc2-3d82-4fe5-b31d-6f0d7ad2fc3b"",""7bde58be-30d3-4700-a8f9-1a85e674ca32""]",a46eac01-4c99-4336-b52f-bbe2c1748efb,+18272958515,[],83f2ddf6-28d7-4738-adc9-1b0a596fc38f,"1621 Oak St, San Francisco CA",,"[""+14105281076"",""+15918244223"",""+12035752505"",""+17609081186"",""+12366848643""]",true
066c8dc0-1c46-4cb4-b546-e6f03a15b599,2026-02-01T10:00:00.000Z,Ethan,Foster,"[""12c314e9-da12-42e8-a661-3f8ec3ef7fec"",""e116eef4-aa3e-4cd2-bc10-5b2e34519410"",""8e5a4a37-3f9f-48c9-baa1-a11f2bccc02d"",""b08704d8-e5b6-415c-8784-d8bbbec49d2e"",""e64b5307-ee62-4888-bab5-d97a19600e58"",""31247421-4d04-4a31-8bb9-eed11e3b8130""]",fa6f492c-bdea-415b-9662-bde7bd5b7d19,+18416210346,[],066c8dc0-1c46-4cb4-b546-e6f03a15b599,"1983 Forest Ln, Portland OR",,"[""+16767209170"",""+13554874545"",""+13356963174"",""+12552004735"",""+16603433439""]",true
c145e61b-be36-4fe1-b220-f0fe3d4f8f51,2026-02-01T10:00:00.000Z,Nicolas,Sanders,"[""e2d280a1-8fa1-4f16-b13c-603588097c93"",""54965379-10d4-4e29-adac-ff7a5aeefe8a""]",0ffb363c-859c-42e6-9fc6-a2a711540d52,+16446010825,[],c145e61b-be36-4fe1-b220-f0fe3d4f8f51,"1208 Sunset Blvd, Asheville NC",,"[""+18679318001"",""+18261850654"",""+17415880790"",""+18274597933"",""+18918262528""]",true
3dbd0ab5-c1ec-457e-a369-5386636ff3ac,2026-02-01T10:00:00.000Z,Jordan,Ramirez,"[""9d3dbadd-49c1-405c-8551-f80a9a92cf44"",""112c404a-2b15-4e16-b9d1-0fba58cf6dde"",""89516abb-169f-4f71-bafd-4c5df95a940d"",""10fcf18a-b178-4e90-b859-b45b8e3dce23"",""e116eef4-aa3e-4cd2-bc10-5b2e34519410"",""46dae9f6-d757-4148-bdfb-e18aea5c5f38"",""c66da905-1bc9-4bc1-95ca-0477dc66a24d""]",b9f5aeb4-8952-4d1e-8305-91abc5465162,+14947379089,[],3dbd0ab5-c1ec-457e-a369-5386636ff3ac,"4688 Franklin Way, Burlington VT",,"[""+17003805719"",""+17055844627"",""+13356963174"",""+14867652844"",""+15734978169""]",true
e86ab4fc-0a33-43a5-ad22-7bc4745a2e96,2026-02-01T10:00:00.000Z,Zoey,Park,"[""06fa5aee-ecb8-4639-a80e-24d760a1c51a"",""43946d00-3493-4795-9de1-94dcfddaec52"",""2effb56d-83b1-47d9-b9f4-1bf4bbb55248""]",f075a56e-160a-448a-86b9-f90377542712,+12064805757,[],e86ab4fc-0a33-43a5-ad22-7bc4745a2e96,"3300 River Rd, Raleigh NC",,"[""+19921032592"",""+17161938681"",""+15805686129"",""+18416210346"",""+17311802092"",""+18036093882""]",true
2ad86e6d-a675-40cd-b273-c4d58b0c7ce4,2026-02-01T10:00:00.000Z,Remington,Watson,"[""a9912969-e7c0-49ad-9ef6-3842c9e89836"",""2886a975-4938-4b97-985a-738d2c3efeed"",""f5daf628-ea49-4acc-b134-3880bf7172d8"",""0a331f18-aa5e-4558-bbc1-0fa2466ebd9d""]",0cb25fd1-e1a6-4aa9-955a-d21b4838203f,+17714448313,[],2ad86e6d-a675-40cd-b273-c4d58b0c7ce4,"6018 Highland Ave, Minneapolis MN",,"[""+17743886955"",""+17055844627"",""+14761912547"",""+19631488564"",""+14353479358""]",true
36bb9b18-8511-4648-8420-7cd5abf87ccb,2026-02-01T10:00:00.000Z,Brianna,Barnes,"[""778f5bbd-20e1-472c-8a6e-57c24defa8a7"",""e64b5307-ee62-4888-bab5-d97a19600e58"",""9d3dbadd-49c1-405c-8551-f80a9a92cf44"",""95441a86-6df8-43b9-bb7d-3d47df0b4faa"",""e121fdc9-10c9-4742-8d39-5af81719a9fc"",""0967dfc2-3d82-4fe5-b31d-6f0d7ad2fc3b""]",93f28800-780f-4d5e-b3f8-780d5fd6ec6a,+13505121350,[],36bb9b18-8511-4648-8420-7cd5abf87ccb,"4015 Fifth Ave, Austin TX",,"[""+18901038299"",""+15784632037"",""+13348370686"",""+18546203773"",""+13276739800"",""+17415880790""]",true
684560ca-a7f8-4168-b5e1-9a084f39ff3c,2026-02-01T10:00:00.000Z,Dakota,Watson,"[""7bde58be-30d3-4700-a8f9-1a85e674ca32"",""bde9e0af-8936-47d4-ba79-664cc2f1d890"",""c033cee7-2d94-4b98-be6a-7c60af64deaf"",""f5daf628-ea49-4acc-b134-3880bf7172d8""]",054b7369-b985-4d6b-bf63-7ce36618ffc8,+19882629697,[],684560ca-a7f8-4168-b5e1-9a084f39ff3c,"374 Park Ave, Tucson AZ",,"[""+17161938681"",""+15004711694"",""+17743886955"",""+13276739800"",""+18738813701"",""+13191343892""]",true
2266d222-86fc-4d21-ab8b-59b7f96c1395,2026-02-01T10:00:00.000Z,Casey,Barnes,"[""a9c0cba0-eb7e-494d-b5ff-1741fada8ae8"",""e43dce86-74ed-4e37-a457-cecb751f0d79"",""3eadd98c-e01e-4e65-8b43-60977dafa886""]",f5023200-d72f-4845-98ed-39c82d70588e,+17457773243,[],2266d222-86fc-4d21-ab8b-59b7f96c1395,"4740 Valley View, Boulder CO",,"[""+17737995528"",""+17011385163"",""+16446010825"",""+18274597933"",""+19565726901"",""+16034289140""]",true
99a896b3-14c0-49e7-a290-0a7a11060e79,2026-02-01T10:00:00.000Z,Chloe,Kim,"[""e2d28ece-27da-4e15-9096-ae20fa62bccc"",""39ad447e-a3b0-40eb-9663-5918aca95603"",""8e5a4a37-3f9f-48c9-baa1-a11f2bccc02d"",""b08b81e6-c3d1-449b-b4e4-1a5d03159e66"",""2e0f3253-0a12-4d51-a5c3-bbc1d6814cf6"",""d079a232-04e3-4cbe-8193-d4f90978b998"",""a9912969-e7c0-49ad-9ef6-3842c9e89836""]",14a631e9-59c5-48b4-b8a4-ef8f82cbc038,+19767453376,[],99a896b3-14c0-49e7-a290-0a7a11060e79,"4966 Pine Rd, Albuquerque NM",,"[""+17311802092"",""+15304187287"",""+15004711694"",""+12987311788"",""+18036093882"",""+15007508422""]",true
37779d4d-5d3a-49e3-a3e9-4b9ee2847c3d,2026-02-01T10:00:00.000Z,Nora,Foster,"[""10fcf18a-b178-4e90-b859-b45b8e3dce23"",""0693cf64-e9d5-4b8f-b3f3-45f4ea7385da"",""da901658-cf30-4f1a-a3ae-dce5fbc88bf0""]",b4785931-1fb5-47b5-ac79-05051e6ad24a,+16708552092,[],37779d4d-5d3a-49e3-a3e9-4b9ee2847c3d,"3071 Pine Rd, Phoenix AZ",,"[""+18901038299"",""+14761912547"",""+18844819410"",""+14677891213"",""+16034289140"",""+12293933336""]",true
c93ce5f9-d482-4674-a6a4-fd87b80bc9bf,2026-02-01T10:00:00.000Z,Tyler,Patel,"[""2effb56d-83b1-47d9-b9f4-1bf4bbb55248"",""e64b5307-ee62-4888-bab5-d97a19600e58"",""15abd82b-3957-4354-819d-a1db6f9b3a36"",""0b18ce4b-e151-43a0-a1eb-af11946dc652""]",26ff6b72-84c7-47fa-962c-61b7443710ed,+19939555273,[],c93ce5f9-d482-4674-a6a4-fd87b80bc9bf,"6997 Broadway, Philadelphia PA",,"[""+14953818999"",""+12923308161"",""+14431233875"",""+13634639136"",""+17645523365"",""+19583651471""]",true
ff18080d-3bee-469a-94c9-c002b21fa17d,2026-02-01T10:00:00.000Z,Morgan,Brooks,"[""3929e7e2-9e88-42f5-b338-0c047ba62b50"",""0693cf64-e9d5-4b8f-b3f3-45f4ea7385da"",""8e5a4a37-3f9f-48c9-baa1-a11f2bccc02d"",""88f20726-ee47-45eb-a95e-dad044febc36"",""06fa5aee-ecb8-4639-a80e-24d760a1c51a"",""7bde58be-30d3-4700-a8f9-1a85e674ca32"",""e43dce86-74ed-4e37-a457-cecb751f0d79""]",3e2756a8-4ed1-48d9-978e-41b51877168b,+18851541672,[],ff18080d-3bee-469a-94c9-c002b21fa17d,"5438 Ash St, Philadelphia PA",,"[""+19086811616"",""+19429984032"",""+18546203773"",""+12594567004"",""+17258328960"",""+19767453376""]",true
f1c414d3-bc92-453e-8d47-02cf9e83f1bb,2026-02-01T10:00:00.000Z,Finley,Cooper,"[""5216798f-32db-4095-8c0f-07f3ac93cc52"",""a7bce0a3-39c4-4464-9d7b-5c9f4953faf7"",""12673ad9-4b00-4731-92b3-1666caf082b3"",""10bca419-afd4-4dfb-ad47-885b392cd77e"",""51e71bf7-25bd-4cff-8784-0d1561ae9bf8""]",3ae451b2-e69d-4ed6-b336-3aec5555dc44,+17426162215,[],f1c414d3-bc92-453e-8d47-02cf9e83f1bb,"9165 First St, Ann Arbor MI",,"[""+18274597933"",""+15769345070"",""+18362384304"",""+16218664946"",""+15497377250""]",true
4f5a4b21-f591-4d71-9488-89b7bedb8a81,2026-02-01T10:00:00.000Z,Ellis,Rodriguez,"[""7ce1bd26-2f1f-49c1-bc93-7352185e7e96"",""9966ba02-e105-4de5-8072-5aa984e27e03"",""a9c0cba0-eb7e-494d-b5ff-1741fada8ae8"",""88f20726-ee47-45eb-a95e-dad044febc36"",""fbc750dc-dd67-4b89-97d1-8a55c75e50dc"",""3929e7e2-9e88-42f5-b338-0c047ba62b50"",""97ae06f1-d324-4762-8f66-0344614c4692""]",19c2d355-0192-42c6-8b61-abfbea6c5794,+16199557062,[],4f5a4b21-f591-4d71-9488-89b7bedb8a81,"6763 Lincoln Ave, Burlington VT",,"[""+15759662468"",""+19895640470"",""+18237652641"",""+18828409273"",""+17003805719"",""+12901782391""]",true
2b38eda3-5fc1-48a1-8c36-cd7787ce20fb,2026-02-01T10:00:00.000Z,Jade,Henderson,"[""93fa283f-d44c-4461-b9e1-5176ef2203fd"",""51e71bf7-25bd-4cff-8784-0d1561ae9bf8"",""acf09f1d-3d45-44a2-ac63-0ddd2c87088e""]",d5b1233d-172a-489a-bb5f-27456de57653,+19998944303,[],2b38eda3-5fc1-48a1-8c36-cd7787ce20fb,"142 Ash St, Phoenix AZ",,"[""+16218664946"",""+13592700939"",""+13276739800"",""+18667228658"",""+18918262528"",""+19452444295""]",true
e45c2c6f-50e2-4753-9a06-f067516677e2,2026-02-01T10:00:00.000Z,Elizabeth,Wood,"[""43946d00-3493-4795-9de1-94dcfddaec52"",""ec166c6b-5945-42c3-b6d5-85401e9faa38"",""9966ba02-e105-4de5-8072-5aa984e27e03"",""5216798f-32db-4095-8c0f-07f3ac93cc52"",""fbc750dc-dd67-4b89-97d1-8a55c75e50dc"",""1ce8c33f-4ec0-4deb-a8c2-60ec366a580c""]",3ad32d43-61c2-434e-b1af-08cf142a10d0,+12366848643,[],e45c2c6f-50e2-4753-9a06-f067516677e2,"5799 Willow Blvd, Boulder CO",,"[""+17346516014"",""+15488578476"",""+18901038299"",""+16034289140"",""+18373980817"",""+12935886565""]",true
dda0486c-10cf-405b-85c5-81a1d0d0e5d8,2026-02-01T10:00:00.000Z,Diego,Khan,"[""97ae06f1-d324-4762-8f66-0344614c4692"",""d0ca6bf9-0078-41a9-bc7e-6e7d80fdbf81"",""95441a86-6df8-43b9-bb7d-3d47df0b4faa"",""e43dce86-74ed-4e37-a457-cecb751f0d79"",""a9c0cba0-eb7e-494d-b5ff-1741fada8ae8""]",048b4b43-8b9b-4846-929e-eb1403abc669,+18546203773,[],dda0486c-10cf-405b-85c5-81a1d0d0e5d8,"7251 Washington St, Charlotte NC",,"[""+13518137899"",""+15364377767"",""+17316194017"",""+16218664946"",""+18844819410""]",true
9280a48f-37ec-4e77-97c2-fd830e28d76d,2026-02-01T10:00:00.000Z,Emma,Patel,"[""e64b5307-ee62-4888-bab5-d97a19600e58"",""b08704d8-e5b6-415c-8784-d8bbbec49d2e"",""a3df35f2-0097-41db-8275-b3fa92555dec"",""f5daf628-ea49-4acc-b134-3880bf7172d8""]",f6dee27e-459e-42f1-8403-5e3fd988d89b,+15424874648,[],9280a48f-37ec-4e77-97c2-fd830e28d76d,"7292 First St, San Diego CA",,"[""+16612872318"",""+12064805757"",""+16479188788"",""+18607796913"",""+14105281076""]",true
14366180-a215-48a1-967f-0579d80c6e3a,2026-02-01T10:00:00.000Z,Hayden,Wood,"[""46dae9f6-d757-4148-bdfb-e18aea5c5f38"",""2f2dc6db-901e-4e90-b56d-3045e552b81b"",""fbc750dc-dd67-4b89-97d1-8a55c75e50dc"",""1ce8c33f-4ec0-4deb-a8c2-60ec366a580c""]",a5a58435-23be-4aff-b330-adb257470808,+19865511483,[],14366180-a215-48a1-967f-0579d80c6e3a,"3067 Ash St, Madison WI",,"[""+19939555273"",""+15499668466"",""+13518137899"",""+13643135038"",""+13191343892"",""+13839769673""]",true
915b6edb-8e25-4cd4-b01d-6f5971e11cd6,2026-02-01T10:00:00.000Z,Cheyenne,Torres,"[""0a331f18-aa5e-4558-bbc1-0fa2466ebd9d"",""394ffe32-cd01-4cfb-987e-59f3787caa24"",""cbcb83c9-dae4-47ca-a529-4edf00c38d61"",""06fa5aee-ecb8-4639-a80e-24d760a1c51a"",""e43dce86-74ed-4e37-a457-cecb751f0d79""]",62621a02-998d-4ba2-9ee2-94eb431935e5,+13391872826,[],915b6edb-8e25-4cd4-b01d-6f5971e11cd6,"4335 Sunset Blvd, Salt Lake City UT",,"[""+15605579361"",""+18272958515"",""+15097371790"",""+15007508422"",""+15466227224""]",true
b77ba370-d9e6-40d2-86d3-1dbbe3131975,2026-02-01T10:00:00.000Z,Eleanor,Reese,"[""936db8aa-4196-4fcb-819b-4e4a99cf5490"",""3c932101-b9af-441a-8362-5acbde6cc66c"",""d0ca6bf9-0078-41a9-bc7e-6e7d80fdbf81"",""40246775-eb89-472c-8c8e-2c0795b27d90"",""88f20726-ee47-45eb-a95e-dad044febc36"",""e2d28ece-27da-4e15-9096-ae20fa62bccc""]",22019248-693e-46b1-b8b6-0973c01dda0f,+15734978169,[],b77ba370-d9e6-40d2-86d3-1dbbe3131975,"3423 Franklin Way, Ann Arbor MI",,"[""+19429984032"",""+12293933336"",""+14098909267"",""+18295585102"",""+12127367281""]",true
966bdf42-146b-4863-942f-6d93ccdec70e,2026-02-01T10:00:00.000Z,Jordan,Hughes,"[""936db8aa-4196-4fcb-819b-4e4a99cf5490"",""394ffe32-cd01-4cfb-987e-59f3787caa24"",""b58514cc-b60f-4b07-a9b0-61011e6924db"",""a3df35f2-0097-41db-8275-b3fa92555dec"",""46dae9f6-d757-4148-bdfb-e18aea5c5f38""]",b287ec8d-0104-4d2e-8878-ad63c8b9db2f,+18249726810,[],966bdf42-146b-4863-942f-6d93ccdec70e,"6671 Franklin Way, Boston MA",,"[""+19206653363"",""+18295585102"",""+19413701577"",""+18738813701"",""+17258328960"",""+17457773243""]",true
383c5bd5-ff51-4279-a868-fc6c2d88e922,2026-02-01T10:00:00.000Z,Mason,Costa,"[""394ffe32-cd01-4cfb-987e-59f3787caa24"",""f2c9f1a9-954d-4a18-9a54-8857a87ceccf"",""0a331f18-aa5e-4558-bbc1-0fa2466ebd9d"",""5216798f-32db-4095-8c0f-07f3ac93cc52"",""d0ca6bf9-0078-41a9-bc7e-6e7d80fdbf81""]",bfa45891-b8cf-46d5-a7f7-ba12fdafe902,+14953818999,[],383c5bd5-ff51-4279-a868-fc6c2d88e922,"7067 River Rd, Indianapolis IN",,"[""+17645523365"",""+19514820699"",""+13518137899"",""+18738813701"",""+16135169922""]",true
a92100b7-0519-4a1f-915b-3aa17107d789,2026-02-01T10:00:00.000Z,Kendall,Patterson,"[""2e0f3253-0a12-4d51-a5c3-bbc1d6814cf6"",""6da1f126-e742-41a5-810c-1e7d3a7ba78f"",""a9912969-e7c0-49ad-9ef6-3842c9e89836"",""215ad12a-a1bf-4062-9e82-eb0d1769664c"",""b79bf015-7e51-4b09-98a9-086d68d1dba3"",""394ffe32-cd01-4cfb-987e-59f3787caa24""]",f3e29b4b-9c6c-443d-9b88-0c7453038578,+13276739800,[],a92100b7-0519-4a1f-915b-3aa17107d789,"6284 First St, Atlanta GA",,"[""+12366848643"",""+15327979072"",""+18274597933"",""+19209418881"",""+19998944303"",""+13191343892""]",true
3a28168c-5513-4731-939d-68a697c5045d,2026-02-01T10:00:00.000Z,Natalie,Washington,"[""a9c0cba0-eb7e-494d-b5ff-1741fada8ae8"",""0967dfc2-3d82-4fe5-b31d-6f0d7ad2fc3b"",""e2d28ece-27da-4e15-9096-ae20fa62bccc""]",df61f4c8-0ff7-489e-8478-76a463473389,+13783804673,[],3a28168c-5513-4731-939d-68a697c5045d,"1960 Main St, Madison WI",,"[""+14924398955"",""+19687538341"",""+17743886955"",""+19209418881"",""+13092734471"",""+16516881249""]",true
de10637d-3da0-4046-8d43-d47e8870c349,2026-02-01T10:00:00.000Z,River,Jenkins,"[""46dae9f6-d757-4148-bdfb-e18aea5c5f38"",""a9912969-e7c0-49ad-9ef6-3842c9e89836"",""481a6651-13bd-4f57-93cc-5aed97c356aa""]",e2ac01af-1995-4549-8c62-1d0351f400e3,+15466227224,[],de10637d-3da0-4046-8d43-d47e8870c349,"7097 Cedar Ln, San Diego CA",,"[""+17252821316"",""+16612872318"",""+16218664946"",""+12622027723"",""+16135169922"",""+16518098877""]",true
81e55d53-43b8-4311-9b38-6aca2a09f39c,2026-02-01T10:00:00.000Z,Brianna,Bryant,"[""40246775-eb89-472c-8c8e-2c0795b27d90"",""e116eef4-aa3e-4cd2-bc10-5b2e34519410"",""cbcb83c9-dae4-47ca-a529-4edf00c38d61"",""31247421-4d04-4a31-8bb9-eed11e3b8130""]",19e67100-e390-430f-8775-6f07a4a48bd4,+15605579361,[],81e55d53-43b8-4311-9b38-6aca2a09f39c,"7871 Elm Dr, Phoenix AZ",,"[""+16218664946"",""+14761912547"",""+12012969983"",""+17252821316"",""+19206653363"",""+17454200472""]",true
a68791be-910d-4c9b-a042-b08def8dfd50,2026-02-01T10:00:00.000Z,Hiro,Patel,"[""e2d28ece-27da-4e15-9096-ae20fa62bccc"",""a7bce0a3-39c4-4464-9d7b-5c9f4953faf7""]",fd3288a6-aedf-4015-9cc5-0087e36d151d,+12035752505,[],a68791be-910d-4c9b-a042-b08def8dfd50,"6677 Lake Dr, Brooklyn NY",,"[""+14867652844"",""+19044211637"",""+12832879719"",""+18181033441"",""+16518098877""]",true
72b8f47e-41a9-4488-9df1-564c08d8d2cf,2026-02-01T10:00:00.000Z,Payton,Patel,"[""f2c9f1a9-954d-4a18-9a54-8857a87ceccf"",""a7bce0a3-39c4-4464-9d7b-5c9f4953faf7"",""23e0640d-efa5-408d-846e-905fc0d217f7"",""95441a86-6df8-43b9-bb7d-3d47df0b4faa"",""d079a232-04e3-4cbe-8193-d4f90978b998"",""39ad447e-a3b0-40eb-9663-5918aca95603"",""9e17db54-8f9a-4c8b-bc39-45aceae8d384""]",068152a5-d4f0-4cea-adc5-5ab2f1726792,+16509769199,[],72b8f47e-41a9-4488-9df1-564c08d8d2cf,"668 Forest Ln, Nashville TN",,"[""+17714448313"",""+19583651471"",""+15005109953"",""+19882629697"",""+13092734471"",""+14483242333""]",true
1403da41-69fd-4333-ade7-8d1528fa04f4,2026-02-01T10:00:00.000Z,Emma,Griffin,"[""b79bf015-7e51-4b09-98a9-086d68d1dba3"",""0693cf64-e9d5-4b8f-b3f3-45f4ea7385da"",""9d3dbadd-49c1-405c-8551-f80a9a92cf44""]",44f3dbe5-bde7-4099-b53a-32af08fd024b,+12594567004,[],1403da41-69fd-4333-ade7-8d1528fa04f4,"6870 Fifth Ave, Asheville NC",,"[""+12622027723"",""+13839769673"",""+12021020802"",""+18803839657"",""+17346516014""]",true
a259ca9f-b2e3-4bd2-921d-ce8fd935f1c8,2026-02-01T10:00:00.000Z,Riley,Vasquez,"[""a9c0cba0-eb7e-494d-b5ff-1741fada8ae8"",""778f5bbd-20e1-472c-8a6e-57c24defa8a7"",""7f428d06-7519-44df-9a1a-3e59d1e02125"",""2886a975-4938-4b97-985a-738d2c3efeed"",""b08704d8-e5b6-415c-8784-d8bbbec49d2e"",""3c932101-b9af-441a-8362-5acbde6cc66c""]",064a79e5-18be-4d38-b045-f72a51916b62,+18289649969,[],a259ca9f-b2e3-4bd2-921d-ce8fd935f1c8,"4650 Maple Ave, Portland OR",,"[""+15497377250"",""+18828409273"",""+18416210346"",""+15791337536"",""+13187902054"",""+17346516014""]",true
909ad8ab-6ead-4b56-8f35-6d809943a9f8,2026-02-01T10:00:00.000Z,Oliver,Tran,"[""93fa283f-d44c-4461-b9e1-5176ef2203fd"",""e64b5307-ee62-4888-bab5-d97a19600e58"",""ec166c6b-5945-42c3-b6d5-85401e9faa38""]",8f6ac851-6ea5-4d5a-9ee4-b604a05036ee,+18426183956,[],909ad8ab-6ead-4b56-8f35-6d809943a9f8,"7861 Elm Dr, Austin TX",,"[""+18181033441"",""+15769345070"",""+18906203578"",""+12035752505"",""+17346516014""]",true
945c03c1-e9df-4620-a82e-ba22a7f5d360,2026-02-01T10:00:00.000Z,Gabriela,Brooks,"[""0967dfc2-3d82-4fe5-b31d-6f0d7ad2fc3b"",""93fa283f-d44c-4461-b9e1-5176ef2203fd"",""0a331f18-aa5e-4558-bbc1-0fa2466ebd9d"",""8e5a4a37-3f9f-48c9-baa1-a11f2bccc02d""]",e028b1f2-9a94-489d-889b-a7f26e79556e,+19044211637,[],945c03c1-e9df-4620-a82e-ba22a7f5d360,"9290 Ash St, Raleigh NC",,"[""+17714448313"",""+14026068719"",""+12594567004"",""+18607796913"",""+14867652844""]",true
65561a8b-b8ec-40fc-8a64-c2660013bd8e,2026-02-01T10:00:00.000Z,Omar,Cooper,"[""a5206965-c455-463d-b653-6d5e3d2f6c07"",""97ae06f1-d324-4762-8f66-0344614c4692"",""0967dfc2-3d82-4fe5-b31d-6f0d7ad2fc3b"",""beead00b-9bd8-454a-92cd-77fc7e19ffad""]",bc9b4862-0f69-4263-9745-23b1a2bb0390,+19565726901,[],65561a8b-b8ec-40fc-8a64-c2660013bd8e,"643 Sunset Blvd, Minneapolis MN",,"[""+13348370686"",""+13554874545"",""+13092734471"",""+13945523002"",""+18918262528"",""+14429951369""]",true
9b81f7de-55b7-4bf0-8ffc-d876eeca2ae1,2026-02-01T10:00:00.000Z,Ethan,Tran,"[""ce877f80-b458-4877-81da-17dae886906d"",""3929e7e2-9e88-42f5-b338-0c047ba62b50"",""9e17db54-8f9a-4c8b-bc39-45aceae8d384""]",0fd27e4c-f53d-44a1-9957-cc21184e9f6c,+13312153082,[],9b81f7de-55b7-4bf0-8ffc-d876eeca2ae1,"3866 Cedar Ln, Nashville TN",,"[""+17714448313"",""+16333233366"",""+13945523002"",""+19998944303"",""+17426162215"",""+15603336391""]",true
52e437b4-8c7f-4f9e-9349-5fa157fab6db,2026-02-01T10:00:00.000Z,Olivia,Torres,"[""89516abb-169f-4f71-bafd-4c5df95a940d"",""481a6651-13bd-4f57-93cc-5aed97c356aa"",""778f5bbd-20e1-472c-8a6e-57c24defa8a7""]",90341767-d0a4-42a2-a0d1-5908ea096ed6,+16034289140,[],52e437b4-8c7f-4f9e-9349-5fa157fab6db,"3071 Forest Ln, Portland OR",,"[""+16206862764"",""+18289649969"",""+19086811616"",""+17152729153"",""+18607796913"",""+14105281076""]",true
4c4a86b3-2a2b-44db-a605-b74e441982d5,2026-02-01T10:00:00.000Z,Jordan,Ramirez,"[""458936ff-e696-4b1d-9259-62eed20e82d0"",""0b18ce4b-e151-43a0-a1eb-af11946dc652"",""d079a232-04e3-4cbe-8193-d4f90978b998"",""d0ca6bf9-0078-41a9-bc7e-6e7d80fdbf81"",""31247421-4d04-4a31-8bb9-eed11e3b8130"",""c0261005-01ad-4304-a837-d2cacba7088e""]",38f26dfb-7c5b-4777-ad7a-979760c0ced0,+18961107861,[],4c4a86b3-2a2b-44db-a605-b74e441982d5,"1924 Franklin Way, Chicago IL",,"[""+19644546941"",""+16117205517"",""+15904030933"",""+19514820699"",""+14947379089""]",true
8573fe1f-28e6-4139-9a49-8685bad23188,2026-02-01T10:00:00.000Z,Ellis,Fischer,"[""acf09f1d-3d45-44a2-ac63-0ddd2c87088e"",""15abd82b-3957-4354-819d-a1db6f9b3a36""]",6e38fe00-3107-4ff7-9c7d-94f54055c542,+19583651471,[],8573fe1f-28e6-4139-9a49-8685bad23188,"3861 Lake Dr, Minneapolis MN",,"[""+18961107861"",""+18237652641"",""+12035752505"",""+12468580760"",""+12843282373"",""+17743886955""]",true
086b8b14-de31-4a99-93c1-39c5bb834c30,2026-02-01T10:00:00.000Z,Sierra,Bennett,"[""3eadd98c-e01e-4e65-8b43-60977dafa886"",""5216798f-32db-4095-8c0f-07f3ac93cc52""]",c34095e8-7a27-46bb-859c-e462d4235222,+19486890240,[],086b8b14-de31-4a99-93c1-39c5bb834c30,"397 Ash St, Denver CO",,"[""+18036093882"",""+15497377250"",""+14026068719"",""+17737995528"",""+12834628902""]",true
141abce0-f52b-46d8-acb3-2fc5f6e8a7a9,2026-02-01T10:00:00.000Z,Riley,Murphy,"[""ae1859b4-5776-415a-b7e2-ccd6b3423d11"",""9966ba02-e105-4de5-8072-5aa984e27e03"",""3c932101-b9af-441a-8362-5acbde6cc66c"",""ec166c6b-5945-42c3-b6d5-85401e9faa38"",""51e71bf7-25bd-4cff-8784-0d1561ae9bf8"",""40246775-eb89-472c-8c8e-2c0795b27d90"",""e43dce86-74ed-4e37-a457-cecb751f0d79""]",fdf9ea21-5a44-4ab1-9a4b-a841470af3d6,+13994739027,[],141abce0-f52b-46d8-acb3-2fc5f6e8a7a9,"3925 Elm Dr, Ann Arbor MI",,"[""+15635024349"",""+12064805757"",""+18607796913"",""+14677891213"",""+15603336391""]",true
5adab969-ea3f-4e53-a773-3442feff4dc8,2026-02-01T10:00:00.000Z,Priya,Hayes,"[""394ffe32-cd01-4cfb-987e-59f3787caa24"",""93fa283f-d44c-4461-b9e1-5176ef2203fd"",""9d3dbadd-49c1-405c-8551-f80a9a92cf44"",""31247421-4d04-4a31-8bb9-eed11e3b8130"",""10bca419-afd4-4dfb-ad47-885b392cd77e"",""f9b8ac96-8faa-4e3f-97ee-a06ca1392654""]",981b7f64-9a02-4f50-9b04-692cd6a6bfdb,+16767209170,[],5adab969-ea3f-4e53-a773-3442feff4dc8,"9055 Valley View, Madison WI",,"[""+13839769673"",""+18961107861"",""+14431233875"",""+12923308161"",""+12594567004"",""+12834628902""]",true
ba57d2d0-d4df-4b62-9c7f-e360f5d081fa,2026-02-01T10:00:00.000Z,Mateo,Myers,"[""34b5df50-f0e9-4a8c-84b8-86d1fca795f3"",""ec166c6b-5945-42c3-b6d5-85401e9faa38"",""31247421-4d04-4a31-8bb9-eed11e3b8130"",""fbc750dc-dd67-4b89-97d1-8a55c75e50dc""]",02a248d9-e8f9-4440-97fa-bf08c12abaab,+18844819410,[],ba57d2d0-d4df-4b62-9c7f-e360f5d081fa,"5847 Broadway, Philadelphia PA",,"[""+18274597933"",""+19123984376"",""+13752382842"",""+15424874648"",""+18362384304""]",true
6155bd7b-7707-49ce-aab5-db82d9beb5ee,2026-02-01T10:00:00.000Z,Derek,Torres,"[""f5daf628-ea49-4acc-b134-3880bf7172d8"",""ae1859b4-5776-415a-b7e2-ccd6b3423d11"",""34b5df50-f0e9-4a8c-84b8-86d1fca795f3"",""f2c9f1a9-954d-4a18-9a54-8857a87ceccf""]",2ec04ee9-c514-4227-88f6-89e1ed16c656,+13752382842,[],6155bd7b-7707-49ce-aab5-db82d9beb5ee,"8944 Broadway, Miami FL",,"[""+15007508422"",""+19123984376"",""+14483242333"",""+12834628902"",""+18181033441""]",true
f35659dd-61fd-43c7-898b-05632580d592,2026-02-01T10:00:00.000Z,Sofia,Khan,"[""e2d280a1-8fa1-4f16-b13c-603588097c93"",""3c932101-b9af-441a-8362-5acbde6cc66c"",""215ad12a-a1bf-4062-9e82-eb0d1769664c"",""7ce1bd26-2f1f-49c1-bc93-7352185e7e96"",""fa84d73f-f5dd-4011-8e2d-a1ed93df3f24"",""93fa283f-d44c-4461-b9e1-5176ef2203fd""]",35f4ac77-9b5c-4593-9780-81c1bb0088fd,+14353479358,[],f35659dd-61fd-43c7-898b-05632580d592,"2991 Forest Ln, Albuquerque NM",,"[""+13554874545"",""+13752382842"",""+14026068719"",""+19865511483"",""+16226334109"",""+18181033441""]",true
d7530177-7684-474d-ad9d-5095282a5662,2026-02-01T10:00:00.000Z,Chloe,Murphy,"[""936db8aa-4196-4fcb-819b-4e4a99cf5490"",""879106a5-1d96-4eac-95a5-eb82a72bd466"",""ae1859b4-5776-415a-b7e2-ccd6b3423d11"",""9d3dbadd-49c1-405c-8551-f80a9a92cf44"",""d46f26ea-85ce-406e-9cc2-4471ef6b9225""]",53517934-6082-46fc-82b5-c6c3cbe69914,+18901038299,[],d7530177-7684-474d-ad9d-5095282a5662,"9442 Sunset Blvd, Burlington VT",,"[""+15015466822"",""+15155916265"",""+16479188788"",""+19565726901"",""+14761912547"",""+19865511483""]",true
6de39249-5ab7-497e-8c41-33ff95b4072b,2026-02-01T10:00:00.000Z,Adrian,Bell,"[""879106a5-1d96-4eac-95a5-eb82a72bd466"",""3c932101-b9af-441a-8362-5acbde6cc66c"",""89516abb-169f-4f71-bafd-4c5df95a940d"",""b79bf015-7e51-4b09-98a9-086d68d1dba3"",""0967dfc2-3d82-4fe5-b31d-6f0d7ad2fc3b""]",6dd6c26c-d584-4aee-967f-47901fcfbafc,+17161938681,[],6de39249-5ab7-497e-8c41-33ff95b4072b,"8714 Broadway, Detroit MI",,"[""+16741054857"",""+18289649969"",""+14867652844"",""+16199557062"",""+16186908455"",""+12843282373""]",true
d491d7b3-764f-4827-ae6b-93f2ac780139,2026-02-01T10:00:00.000Z,Elijah,Simmons,"[""9966ba02-e105-4de5-8072-5aa984e27e03"",""2e0f3253-0a12-4d51-a5c3-bbc1d6814cf6"",""97ae06f1-d324-4762-8f66-0344614c4692"",""12673ad9-4b00-4731-92b3-1666caf082b3"",""f5daf628-ea49-4acc-b134-3880bf7172d8"",""88f20726-ee47-45eb-a95e-dad044febc36""]",c53fe00d-cec7-4138-bee9-68a0e0052188,+17606116847,[],d491d7b3-764f-4827-ae6b-93f2ac780139,"4837 Hill Rd, Nashville TN",,"[""+14953818999"",""+13761613131"",""+16329452870"",""+18906203578"",""+13505121350"",""+16466643324""]",true
c2386605-9347-4c4c-a123-a0b7d78f09aa,2026-02-01T10:00:00.000Z,Mason,Ross,"[""d0ca6bf9-0078-41a9-bc7e-6e7d80fdbf81"",""c033cee7-2d94-4b98-be6a-7c60af64deaf"",""c66da905-1bc9-4bc1-95ca-0477dc66a24d""]",81ef48d9-9233-4571-bf4c-1c90ae4b6a64,+13592700939,[],c2386605-9347-4c4c-a123-a0b7d78f09aa,"9540 Elm Dr, Detroit MI",,"[""+19429984032"",""+17606116847"",""+17311802092"",""+14127297189"",""+14431233875""]",true
5fc15e8f-6cfe-495f-b715-283e8c3e96e3,2026-02-01T10:00:00.000Z,Chloe,Rivera,"[""beead00b-9bd8-454a-92cd-77fc7e19ffad"",""a7bce0a3-39c4-4464-9d7b-5c9f4953faf7"",""acf09f1d-3d45-44a2-ac63-0ddd2c87088e""]",b9ff1e0a-6da7-4f12-bf5b-ae8bfa9ed7b9,+14872393454,[],5fc15e8f-6cfe-495f-b715-283e8c3e96e3,"1423 Sunset Blvd, Portland OR",,"[""+13924377413"",""+18261850654"",""+18546203773"",""+18901038299"",""+13092734471"",""+17161938681""]",true
c73c64fc-f4dc-4742-8a80-47225be4d985,2026-02-01T10:00:00.000Z,Scarlett,Hayes,"[""10bca419-afd4-4dfb-ad47-885b392cd77e"",""e2d280a1-8fa1-4f16-b13c-603588097c93"",""94ad97da-9dc9-4492-9339-112f61e11984""]",8fc1031e-921a-49b8-9f06-c2ab1a413791,+18679318001,[],c73c64fc-f4dc-4742-8a80-47225be4d985,"2600 Ash St, Miami FL",,"[""+12901782391"",""+13505121350"",""+12622027723"",""+13634639136"",""+15603336391""]",true
9e6427d3-b195-4c8c-9379-99dbcc6de302,2026-02-01T10:00:00.000Z,Phoenix,Patterson,"[""f2c9f1a9-954d-4a18-9a54-8857a87ceccf"",""a9912969-e7c0-49ad-9ef6-3842c9e89836"",""ec166c6b-5945-42c3-b6d5-85401e9faa38"",""ce877f80-b458-4877-81da-17dae886906d"",""7f428d06-7519-44df-9a1a-3e59d1e02125"",""76c2936c-45ad-4e1e-b9d3-33e1ae28dd55""]",c8af19d5-e922-4a96-a3b2-6b7eb908c06b,+15918244223,[],9e6427d3-b195-4c8c-9379-99dbcc6de302,"5127 First St, Atlanta GA",,"[""+17737995528"",""+18679318001"",""+16333233366"",""+13391872826"",""+18362384304"",""+19939555273""]",true
4936bf2d-fa72-4278-9f99-e4f622970d76,2026-02-01T10:00:00.000Z,Amir,Griffin,"[""51e71bf7-25bd-4cff-8784-0d1561ae9bf8"",""e993c5fa-3dd0-4e63-a209-5d7579c41fd0"",""e43dce86-74ed-4e37-a457-cecb751f0d79""]",6d789c9f-6c08-4723-8105-c54f3b258e71,+19687538341,[],4936bf2d-fa72-4278-9f99-e4f622970d76,"7993 Valley View, Miami FL",,"[""+17161938681"",""+16135169922"",""+17504805826"",""+19767453376"",""+17011385163"",""+14086360582""]",true
e2d9532e-7ae7-40ba-990c-4cbaec17f029,2026-02-01T10:00:00.000Z,Lily,Sanders,"[""acf09f1d-3d45-44a2-ac63-0ddd2c87088e"",""c0261005-01ad-4304-a837-d2cacba7088e"",""94ad97da-9dc9-4492-9339-112f61e11984"",""bde9e0af-8936-47d4-ba79-664cc2f1d890"",""2effb56d-83b1-47d9-b9f4-1bf4bbb55248""]",56065921-46f7-4c9b-8f61-0b8b8514fb09,+17011385163,[],e2d9532e-7ae7-40ba-990c-4cbaec17f029,"5740 Main St, Seattle WA",,"[""+13926178846"",""+19644546941"",""+18828409273"",""+13479122659"",""+12843282373""]",true
f9d491c9-d278-405b-a135-8df6ffd000e3,2026-02-01T10:00:00.000Z,Violet,Cox,"[""1ce8c33f-4ec0-4deb-a8c2-60ec366a580c"",""c66da905-1bc9-4bc1-95ca-0477dc66a24d"",""51e71bf7-25bd-4cff-8784-0d1561ae9bf8"",""32874b53-38f8-4be9-8872-48d3657c0032""]",7fc3ebaa-338a-485b-964a-08a1e17afe4a,+16516881249,[],f9d491c9-d278-405b-a135-8df6ffd000e3,"6499 Washington St, Portland OR",,"[""+18844819410"",""+13839769673"",""+15364377767"",""+17482721842"",""+13067566158"",""+18614269729""]",true
ce119454-7979-4fd0-a05e-9b52b2118437,2026-02-01T10:00:00.000Z,Addison,Rivera,"[""458936ff-e696-4b1d-9259-62eed20e82d0"",""4965a0fd-c5f3-42a1-a3e5-61f2ee878e63"",""3c932101-b9af-441a-8362-5acbde6cc66c""]",3bdfbd9c-b058-4dbb-acff-98f2b20ab233,+18906203578,[],ce119454-7979-4fd0-a05e-9b52b2118437,"9364 Lake Dr, Asheville NC",,"[""+18259821724"",""+17609081186"",""+18738813701"",""+15544341247"",""+16509769199""]",true
c9587016-7e7e-435e-85a1-5284e05b887f,2026-02-01T10:00:00.000Z,Quinn,Okafor,"[""c033cee7-2d94-4b98-be6a-7c60af64deaf"",""06fa5aee-ecb8-4639-a80e-24d760a1c51a""]",5146a4e2-ea97-43d3-a150-6cd59663399c,+15499668466,[],c9587016-7e7e-435e-85a1-5284e05b887f,"540 Highland Ave, Philadelphia PA",,"[""+19514820699"",""+15179376214"",""+18901038299"",""+14947379089"",""+14483242333"",""+19865511483""]",true
784c21d2-a531-4cdc-92fb-89607a02dee4,2026-02-01T10:00:00.000Z,Elijah,Long,"[""04ede62d-b65c-4fcd-b778-f4dec98374da"",""a9912969-e7c0-49ad-9ef6-3842c9e89836""]",93f2d81f-ec7e-4696-b24d-9e7ff8c8daaa,+18612175658,[],784c21d2-a531-4cdc-92fb-89607a02dee4,"7473 Pine Rd, Minneapolis MN",,"[""+18667228658"",""+14127297189"",""+19486890240"",""+19882629697"",""+17482721842""]",true
b3b1f884-1901-4006-9eba-b2d2c79c6894,2026-02-01T10:00:00.000Z,Daniel,Jenkins,"[""a3df35f2-0097-41db-8275-b3fa92555dec"",""55cae660-5643-46b2-ba2f-14e92980eff1"",""f2c9f1a9-954d-4a18-9a54-8857a87ceccf""]",b84426ab-b35a-4828-af93-b4343b9c9be5,+19514820699,[],b3b1f884-1901-4006-9eba-b2d2c79c6894,"9945 Forest Ln, Phoenix AZ",,"[""+16466643324"",""+13518137899"",""+18679318001"",""+13634639136"",""+18612175658"",""+16117205517""]",true
94f71610-ef35-438d-b62d-5dc679a2ccf8,2026-02-01T10:00:00.000Z,Ella,Cox,"[""476cc0f3-5597-47e0-a4d4-87767a57a208"",""89516abb-169f-4f71-bafd-4c5df95a940d"",""b58514cc-b60f-4b07-a9b0-61011e6924db""]",45e61609-2ab0-4f94-961e-f01f53967867,+17415880790,[],94f71610-ef35-438d-b62d-5dc679a2ccf8,"547 Birch Way, Nashville TN",,"[""+18362384304"",""+17606116847"",""+13348370686"",""+13067566158"",""+14353479358"",""+17482721842""]",true
a9fe0c5e-a193-4862-89dd-a095b296aa46,2026-02-01T10:00:00.000Z,Mason,Costa,"[""e2d28ece-27da-4e15-9096-ae20fa62bccc"",""32874b53-38f8-4be9-8872-48d3657c0032"",""39ad447e-a3b0-40eb-9663-5918aca95603"",""a9912969-e7c0-49ad-9ef6-3842c9e89836"",""0693cf64-e9d5-4b8f-b3f3-45f4ea7385da""]",96154803-aa0f-4d25-8b95-8e2ffcfce249,+18237652641,[],a9fe0c5e-a193-4862-89dd-a095b296aa46,"140 Hill Rd, Detroit MI",,"[""+19744814391"",""+12021020802"",""+17943513020"",""+19044211637"",""+19767453376""]",true
0525766d-f04e-4452-a873-1a295d9212e4,2026-02-01T10:00:00.000Z,Sophia,Price,"[""1ce8c33f-4ec0-4deb-a8c2-60ec366a580c"",""7ce1bd26-2f1f-49c1-bc93-7352185e7e96"",""b58514cc-b60f-4b07-a9b0-61011e6924db"",""da901658-cf30-4f1a-a3ae-dce5fbc88bf0"",""e43dce86-74ed-4e37-a457-cecb751f0d79"",""e116eef4-aa3e-4cd2-bc10-5b2e34519410"",""9f5f9233-dd1f-4fe3-81da-ed2ce762c155""]",1885e44a-3dd3-4e3d-b21d-ea219bf35430,+17301760140,[],0525766d-f04e-4452-a873-1a295d9212e4,"7091 Washington St, Detroit MI",,"[""+14429951369"",""+19086811616"",""+19644546941"",""+15791337536"",""+16708552092""]",true
7ba2f176-308c-4ed8-b34c-46f38ac9eb75,2026-02-01T10:00:00.000Z,Marcus,Peterson,"[""12673ad9-4b00-4731-92b3-1666caf082b3"",""10bca419-afd4-4dfb-ad47-885b392cd77e""]",bc159889-9e54-4ba5-8e30-e0f8fa6b35f8,+14431233875,[],7ba2f176-308c-4ed8-b34c-46f38ac9eb75,"6915 Franklin Way, Salt Lake City UT",,"[""+13926178846"",""+14662822641"",""+12468580760"",""+16329452870"",""+15904030933""]",true
8ced9667-1c2a-4127-b35b-dc00abbb590f,2026-02-01T10:00:00.000Z,Elizabeth,Howard,"[""7ce1bd26-2f1f-49c1-bc93-7352185e7e96"",""93fa283f-d44c-4461-b9e1-5176ef2203fd""]",d8438d28-cc95-41b0-9628-c93424a40b56,+13926178846,[],8ced9667-1c2a-4127-b35b-dc00abbb590f,"7070 Park Ave, San Diego CA",,"[""+13592700939"",""+16466643324"",""+17743886955"",""+18738813701"",""+15918244223""]",true
4056abcf-d7d4-4219-9561-978c0e709833,2026-02-01T10:00:00.000Z,Tyler,Cox,"[""acf09f1d-3d45-44a2-ac63-0ddd2c87088e"",""a7bce0a3-39c4-4464-9d7b-5c9f4953faf7"",""a9912969-e7c0-49ad-9ef6-3842c9e89836"",""9d3dbadd-49c1-405c-8551-f80a9a92cf44"",""95441a86-6df8-43b9-bb7d-3d47df0b4faa"",""c033cee7-2d94-4b98-be6a-7c60af64deaf""]",a668604e-1b8d-4bad-8de9-258577c6d494,+18261850654,[],4056abcf-d7d4-4219-9561-978c0e709833,"4325 Forest Ln, Columbus OH",,"[""+17606116847"",""+15097371790"",""+13505121350"",""+12035752505"",""+16612872318""]",true
d61a4f36-de27-42ca-9866-46ca14b638a9,2026-02-01T10:00:00.000Z,Dakota,Myers,"[""b58514cc-b60f-4b07-a9b0-61011e6924db"",""a3df35f2-0097-41db-8275-b3fa92555dec""]",32d111c1-60a9-494c-b5e8-9547ffffaad6,+14086360582,[],d61a4f36-de27-42ca-9866-46ca14b638a9,"42 Washington St, Seattle WA",,"[""+13924377413"",""+12832879719"",""+14761912547"",""+15918244223"",""+18249726810"",""+15791337536""]",true
d53f5dfc-ec3b-4e8f-b508-7dc9bc85cd9f,2026-02-01T10:00:00.000Z,Scarlett,Simmons,"[""23e0640d-efa5-408d-846e-905fc0d217f7"",""2886a975-4938-4b97-985a-738d2c3efeed"",""e121fdc9-10c9-4742-8d39-5af81719a9fc"",""51e71bf7-25bd-4cff-8784-0d1561ae9bf8"",""e116eef4-aa3e-4cd2-bc10-5b2e34519410"",""b79bf015-7e51-4b09-98a9-086d68d1dba3""]",45b3cce3-486b-49b3-bda2-6cc5b40809b3,+17482721842,[],d53f5dfc-ec3b-4e8f-b508-7dc9bc85cd9f,"5017 Forest Ln, Salt Lake City UT",,"[""+14483242333"",""+15005109953"",""+18828409273"",""+19575672288"",""+13276739800"",""+13518137899""]",true
e7053b07-f72e-482c-99a4-ef69afd66ab1,2026-02-01T10:00:00.000Z,Kendall,Wood,"[""ce877f80-b458-4877-81da-17dae886906d"",""76c2936c-45ad-4e1e-b9d3-33e1ae28dd55""]",f58a9b50-1a47-4645-83b0-8808898a07b4,+14483242333,[],e7053b07-f72e-482c-99a4-ef69afd66ab1,"409 Elm Dr, San Diego CA",,"[""+19413701577"",""+18828409273"",""+13926178846"",""+14026068719"",""+12832879719""]",true
f14d8a4a-f08a-454d-a4a5-c4b039702278,2026-02-01T10:00:00.000Z,Kennedy,Griffin,"[""ec166c6b-5945-42c3-b6d5-85401e9faa38"",""c033cee7-2d94-4b98-be6a-7c60af64deaf"",""e43dce86-74ed-4e37-a457-cecb751f0d79"",""879106a5-1d96-4eac-95a5-eb82a72bd466""]",0d0d163d-4889-48fa-8432-a3554ee265b0,+18667228658,[],f14d8a4a-f08a-454d-a4a5-c4b039702278,"7053 Fifth Ave, Columbus OH",,"[""+15499668466"",""+15007508422"",""+18426183956"",""+18901038299"",""+13926178846"",""+18249726810""]",true
979fefd1-2214-4f9a-b589-d03e2c3f0561,2026-02-01T10:00:00.000Z,Quinn,Nkrumah,"[""7f428d06-7519-44df-9a1a-3e59d1e02125"",""2e0f3253-0a12-4d51-a5c3-bbc1d6814cf6""]",93c3a821-adac-40a8-9ec1-581a54a1cbb3,+14127297189,[],979fefd1-2214-4f9a-b589-d03e2c3f0561,"9249 Willow Blvd, Albuquerque NM",,"[""+18607796913"",""+16034289140"",""+15759662468"",""+18295585102"",""+16611852271"",""+18906203578""]",true